Batch_Name,DATE,COUNTS
Batch1,6/2/2020,3
Batch1,7/2/2020,3
Batch2,5/22/2020,1
Batch2,5/23/2020,1
Batch2,5/24/2020,1
Batch2,5/25/2020,1
Batch2,5/26/2020,1
Batch2,5/27/2020,1
Batch2,5/28/2020,1
Batch2,5/29/2020,3
Batch2,5/30/2020,1
Batch2,5/31/2020,1
Batch2,6/1/2020,1
Batch2,6/2/2020,1
Batch2,6/3/2020,1
Batch2,6/4/2020,1
Batch2,6/5/2020,1
Batch2,6/6/2020,1
Batch2,6/7/2020,1
Batch2,6/8/2020,1
Batch2,6/9/2020,1
Batch2,6/10/2020,1
Batch2,6/11/2020,1
Batch2,6/12/2020,1
Batch2,6/13/2020,1
Batch2,6/14/2020,1
Batch2,6/15/2020,1
Batch2,6/16/2020,1
Batch2,6/17/2020,1
Batch2,6/18/2020,1
Batch2,6/19/2020,1
Batch2,6/20/2020,1
Batch2,6/21/2020,1
Batch2,6/22/2020,1
Batch2,6/23/2020,1
Batch2,6/24/2020,1
Batch2,6/25/2020,1
Batch2,6/26/2020,1
Batch2,6/27/2020,1
Batch2,6/28/2020,1
Batch2,6/29/2020,1
Batch2,6/30/2020,3
Batch2,7/1/2020,3
Batch2,7/2/2020,1
Batch2,7/3/2020,1
Batch2,7/4/2020,1
Batch2,7/5/2020,1
Batch2,7/6/2020,1
Batch2,7/7/2020,1
Batch2,7/8/2020,1
Batch2,7/9/2020,1
Batch2,7/10/2020,1
Batch2,7/11/2020,1
Batch2,7/12/2020,1
Batch2,7/13/2020,1
Batch2,7/14/2020,1
Batch2,7/15/2020,1
Batch2,7/16/2020,1
Batch2,7/17/2020,1
Batch2,7/18/2020,1
Batch2,7/19/2020,1
Batch2,7/20/2020,1
Batch3,5/22/2020,3
Batch3,5/23/2020,3
Batch3,5/24/2020,3
Batch3,5/25/2020,3
Batch3,5/26/2020,3
Batch3,5/27/2020,3
Batch3,5/28/2020,3
Batch3,5/29/2020,3
Batch3,5/30/2020,3
Batch3,5/31/2020,3
Batch3,6/1/2020,3
Batch3,6/2/2020,3
Batch3,6/3/2020,3
Batch3,6/4/2020,3
Batch3,6/5/2020,3
Batch3,6/6/2020,3
Batch3,6/7/2020,3
Batch3,6/8/2020,3
Batch3,6/9/2020,3
Batch3,6/10/2020,3
Batch3,6/11/2020,3
Batch3,6/12/2020,3
Batch3,6/13/2020,3
Batch3,6/14/2020,3
Batch3,6/15/2020,3
Batch3,6/16/2020,3
Batch3,6/17/2020,3
Batch3,6/18/2020,3
Batch3,6/19/2020,3
Batch3,6/20/2020,3
Batch3,6/21/2020,3
Batch3,6/22/2020,3
Batch3,6/23/2020,3
Batch3,6/24/2020,3
Batch3,6/25/2020,3
Batch3,6/26/2020,3
Batch3,6/27/2020,3
Batch3,6/28/2020,3
Batch3,6/29/2020,3
Batch3,6/30/2020,3
Batch3,7/1/2020,3
Batch3,7/2/2020,3
Batch3,7/3/2020,3
Batch3,7/4/2020,3
Batch3,7/5/2020,3
Batch3,7/6/2020,3
Batch3,7/7/2020,3
Batch3,7/8/2020,3
Batch3,7/9/2020,3
Batch3,7/10/2020,3
Batch3,7/11/2020,3
Batch3,7/13/2020,3
Batch3,7/14/2020,3
Batch3,7/15/2020,3
Batch3,7/16/2020,3
Batch3,7/17/2020,3
Batch3,7/18/2020,3
Batch3,7/19/2020,3
Batch3,7/20/2020,3
Batch3,7/21/2020,3
Batch4,5/31/2020,2
Batch4,6/30/2020,2
Batch5,5/22/2020,3
Batch5,5/23/2020,3
Batch5,5/24/2020,3
Batch5,5/25/2020,3
Batch5,5/26/2020,3
Batch5,5/27/2020,3
Batch5,5/28/2020,3
Batch5,5/29/2020,3
Batch5,5/30/2020,3
Batch5,5/31/2020,3
Batch5,6/1/2020,3
Batch5,6/2/2020,3
Batch5,6/3/2020,3
Batch5,6/4/2020,3
Batch5,6/5/2020,3
Batch5,6/6/2020,3
Batch5,6/7/2020,3
Batch5,6/8/2020,3
Batch5,6/9/2020,3
Batch5,6/10/2020,3
Batch5,6/11/2020,3
Batch5,6/12/2020,3
Batch5,6/13/2020,3
Batch5,6/14/2020,3
Batch5,6/15/2020,3
Batch5,6/16/2020,3
Batch5,6/17/2020,3
Batch5,6/18/2020,3
Batch5,6/19/2020,3
Batch5,6/20/2020,3
Batch5,6/21/2020,3
Batch5,6/22/2020,3
Batch5,6/23/2020,3
Batch5,6/24/2020,3
Batch5,6/25/2020,3
Batch5,6/26/2020,3
Batch5,6/27/2020,3
Batch5,6/28/2020,3
Batch5,6/29/2020,3
Batch5,6/30/2020,3
Batch5,7/1/2020,3
Batch5,7/2/2020,3
Batch5,7/3/2020,3
Batch5,7/4/2020,3
Batch5,7/5/2020,3
Batch5,7/6/2020,3
Batch5,7/7/2020,3
Batch5,7/8/2020,3
Batch5,7/9/2020,3
Batch5,7/10/2020,3
Batch5,7/11/2020,3
Batch5,7/13/2020,3
Batch5,7/14/2020,3
Batch5,7/15/2020,3
Batch5,7/16/2020,3
Batch5,7/17/2020,3
Batch5,7/18/2020,3
Batch5,7/19/2020,3
Batch5,7/20/2020,3
Batch5,7/21/2020,3
Batch6,5/22/2020,2
Batch6,5/23/2020,2
Batch6,5/24/2020,2
Batch6,5/25/2020,2
Batch6,5/26/2020,2
Batch6,5/27/2020,2
Batch6,5/28/2020,2
Batch6,5/29/2020,2
Batch6,5/30/2020,2
Batch6,5/31/2020,2
Batch6,6/1/2020,2
Batch6,6/2/2020,2
Batch6,6/3/2020,2
Batch6,6/4/2020,2
Batch6,6/5/2020,2
Batch6,6/6/2020,2
Batch6,6/7/2020,2
Batch6,6/8/2020,2
Batch6,6/9/2020,2
Batch6,6/10/2020,2
Batch6,6/11/2020,2
Batch6,6/12/2020,2
Batch6,6/13/2020,2
Batch6,6/14/2020,2
Batch6,6/15/2020,2
Batch6,6/16/2020,2
Batch6,6/17/2020,2
Batch6,6/18/2020,2
Batch6,6/19/2020,2
Batch6,6/20/2020,2
Batch6,6/21/2020,2
Batch6,6/22/2020,2
Batch6,6/23/2020,2
Batch6,6/24/2020,2
Batch6,6/25/2020,2
Batch6,6/26/2020,2
Batch6,6/27/2020,2
Batch6,6/28/2020,2
Batch6,6/29/2020,2
Batch6,6/30/2020,2
Batch6,7/1/2020,2
Batch6,7/2/2020,2
Batch6,7/3/2020,2
Batch6,7/4/2020,2
Batch6,7/5/2020,2
Batch6,7/6/2020,2
Batch6,7/7/2020,2
Batch6,7/8/2020,2
Batch6,7/9/2020,2
Batch6,7/10/2020,2
Batch6,7/11/2020,2
Batch6,7/13/2020,2
Batch6,7/14/2020,2
Batch6,7/15/2020,2
Batch6,7/16/2020,2
Batch6,7/17/2020,2
Batch6,7/18/2020,2
Batch6,7/19/2020,2
Batch6,7/20/2020,2
Batch6,7/21/2020,2
Batch7,5/22/2020,5
Batch7,5/23/2020,5
Batch7,5/24/2020,5
Batch7,5/25/2020,5
Batch7,5/26/2020,5
Batch7,5/27/2020,5
Batch7,5/28/2020,5
Batch7,5/29/2020,5
Batch7,5/30/2020,5
Batch7,5/31/2020,5
Batch7,6/1/2020,5
Batch7,6/2/2020,5
Batch7,6/3/2020,5
Batch7,6/4/2020,5
Batch7,6/5/2020,5
Batch7,6/6/2020,5
Batch7,6/7/2020,5
Batch7,6/8/2020,5
Batch7,6/9/2020,5
Batch7,6/10/2020,5
Batch7,6/11/2020,5
Batch7,6/12/2020,5
Batch7,6/13/2020,5
Batch7,6/14/2020,5
Batch7,6/15/2020,5
Batch7,6/16/2020,5
Batch7,6/17/2020,5
Batch7,6/18/2020,5
Batch7,6/19/2020,5
Batch7,6/20/2020,5
Batch7,6/21/2020,5
Batch7,6/22/2020,5
Batch7,6/23/2020,5
Batch7,6/24/2020,5
Batch7,6/25/2020,5
Batch7,6/26/2020,5
Batch7,6/27/2020,5
Batch7,6/28/2020,5
Batch7,6/29/2020,5
Batch7,6/30/2020,5
Batch7,7/1/2020,5
Batch7,7/2/2020,5
Batch7,7/3/2020,5
Batch7,7/4/2020,5
Batch7,7/5/2020,5
Batch7,7/6/2020,5
Batch7,7/7/2020,5
Batch7,7/8/2020,5
Batch7,7/9/2020,5
Batch7,7/10/2020,5
Batch7,7/11/2020,5
Batch7,7/13/2020,5
Batch7,7/14/2020,5
Batch7,7/15/2020,5
Batch7,7/16/2020,5
Batch7,7/17/2020,5
Batch7,7/18/2020,5
Batch7,7/19/2020,5
Batch7,7/20/2020,5
Batch8,5/22/2020,3
Batch8,5/23/2020,3
Batch8,5/24/2020,3
Batch8,5/25/2020,3
Batch8,5/26/2020,3
Batch8,5/27/2020,3
Batch8,5/28/2020,3
Batch8,5/29/2020,3
Batch8,5/30/2020,3
Batch8,5/31/2020,3
Batch8,6/1/2020,3
Batch8,6/2/2020,3
Batch8,6/3/2020,3
Batch8,6/4/2020,3
Batch8,6/5/2020,3
Batch8,6/6/2020,3
Batch8,6/7/2020,3
Batch8,6/8/2020,3
Batch8,6/9/2020,3
Batch8,6/10/2020,3
Batch8,6/11/2020,3
Batch8,6/12/2020,3
Batch8,6/13/2020,3
Batch8,6/14/2020,3
Batch8,6/15/2020,3
Batch8,6/16/2020,3
Batch8,6/17/2020,3
Batch8,6/18/2020,3
Batch8,6/19/2020,3
Batch8,6/20/2020,3
Batch8,6/21/2020,3
Batch8,6/22/2020,3
Batch8,6/23/2020,3
Batch8,6/24/2020,3
Batch8,6/25/2020,3
Batch8,6/26/2020,3
Batch8,6/27/2020,3
Batch8,6/28/2020,3
Batch8,6/29/2020,3
Batch8,6/30/2020,3
Batch8,7/2/2020,6
Batch8,7/3/2020,3
Batch8,7/4/2020,3
Batch8,7/5/2020,3
Batch8,7/6/2020,3
Batch8,7/7/2020,3
Batch8,7/8/2020,3
Batch8,7/9/2020,3
Batch8,7/10/2020,3
Batch8,7/11/2020,3
Batch8,7/13/2020,3
Batch8,7/14/2020,3
Batch8,7/15/2020,3
Batch8,7/16/2020,3
Batch8,7/17/2020,3
Batch8,7/18/2020,3
Batch8,7/19/2020,3
Batch8,7/20/2020,3
Batch9,5/22/2020,4
Batch9,5/23/2020,4
Batch9,5/24/2020,4
Batch9,5/25/2020,4
Batch9,5/26/2020,4
Batch9,5/27/2020,4
Batch9,5/28/2020,4
Batch9,5/29/2020,4
Batch9,5/30/2020,4
Batch9,5/31/2020,4
Batch9,6/1/2020,4
Batch9,6/2/2020,4
Batch9,6/3/2020,4
Batch9,6/4/2020,4
Batch9,6/5/2020,4
Batch9,6/6/2020,4
Batch9,6/7/2020,4
Batch9,6/8/2020,4
Batch9,6/9/2020,4
Batch9,6/10/2020,4
Batch9,6/11/2020,4
Batch9,6/12/2020,4
Batch9,6/13/2020,4
Batch9,6/14/2020,4
Batch9,6/15/2020,4
Batch9,6/16/2020,4
Batch9,6/17/2020,4
Batch9,6/18/2020,4
Batch9,6/19/2020,4
Batch9,6/20/2020,4
Batch9,6/21/2020,4
Batch9,6/22/2020,4
Batch9,6/23/2020,4
Batch9,6/24/2020,4
Batch9,6/25/2020,4
Batch9,6/26/2020,4
Batch9,6/27/2020,4
Batch9,6/28/2020,4
Batch9,6/29/2020,4
Batch9,6/30/2020,4
Batch9,7/1/2020,4
Batch9,7/2/2020,4
Batch9,7/3/2020,4
Batch9,7/4/2020,4
Batch9,7/5/2020,4
Batch9,7/6/2020,4
Batch9,7/7/2020,4
Batch9,7/8/2020,4
Batch9,7/9/2020,3
Batch9,7/10/2020,4
Batch9,7/11/2020,4
Batch9,7/13/2020,4
Batch9,7/14/2020,4
Batch9,7/15/2020,4
Batch9,7/16/2020,4
Batch9,7/17/2020,4
Batch9,7/18/2020,4
Batch9,7/19/2020,4
Batch9,7/20/2020,4
Batch9,7/21/2020,4
Batch10,6/21/2020,6
Batch10,7/21/2020,3
Batch11,5/22/2020,3
Batch11,5/23/2020,3
Batch11,5/24/2020,3
Batch11,5/25/2020,3
Batch11,5/26/2020,3
Batch11,5/27/2020,3
Batch11,5/28/2020,3
Batch11,5/29/2020,3
Batch11,5/30/2020,3
Batch11,5/31/2020,3
Batch11,6/1/2020,3
Batch11,6/2/2020,3
Batch11,6/3/2020,3
Batch11,6/4/2020,3
Batch11,6/5/2020,3
Batch11,6/6/2020,3
Batch11,6/7/2020,3
Batch11,6/8/2020,3
Batch11,6/9/2020,3
Batch11,6/10/2020,3
Batch11,6/11/2020,3
Batch11,6/12/2020,3
Batch11,6/13/2020,3
Batch11,6/14/2020,3
Batch11,6/15/2020,3
Batch11,6/16/2020,3
Batch11,6/17/2020,3
Batch11,6/18/2020,3
Batch11,6/19/2020,3
Batch11,6/20/2020,3
Batch11,6/21/2020,3
Batch11,6/22/2020,3
Batch11,6/23/2020,3
Batch11,6/24/2020,3
Batch11,6/25/2020,3
Batch11,6/26/2020,3
Batch11,6/27/2020,3
Batch11,6/28/2020,3
Batch11,6/29/2020,3
Batch11,6/30/2020,3
Batch11,7/1/2020,3
Batch11,7/2/2020,3
Batch11,7/3/2020,3
Batch11,7/4/2020,3
Batch11,7/5/2020,3
Batch11,7/6/2020,3
Batch11,7/7/2020,6
Batch11,7/8/2020,3
Batch11,7/9/2020,3
Batch11,7/10/2020,3
Batch11,7/11/2020,3
Batch11,7/12/2020,3
Batch11,7/13/2020,3
Batch11,7/14/2020,3
Batch11,7/15/2020,3
Batch11,7/16/2020,3
Batch11,7/17/2020,3
Batch11,7/18/2020,3
Batch11,7/19/2020,3
Batch11,7/20/2020,3
Batch11,7/21/2020,3
Batch12,5/22/2020,20
Batch12,5/23/2020,20
Batch12,5/24/2020,20
Batch12,5/25/2020,20
Batch12,5/26/2020,20
Batch12,5/27/2020,20
Batch12,5/28/2020,20
Batch12,5/29/2020,20
Batch12,5/30/2020,20
Batch12,5/31/2020,20
Batch12,6/1/2020,20
Batch12,6/2/2020,20
Batch12,6/3/2020,20
Batch12,6/4/2020,20
Batch12,6/5/2020,20
Batch12,6/6/2020,20
Batch12,6/7/2020,20
Batch12,6/8/2020,20
Batch12,6/9/2020,20
Batch12,6/10/2020,20
Batch12,6/11/2020,20
Batch12,6/12/2020,20
Batch12,6/13/2020,20
Batch12,6/14/2020,20
Batch12,6/15/2020,20
Batch12,6/16/2020,20
Batch12,6/17/2020,20
Batch12,6/18/2020,20
Batch12,6/19/2020,20
Batch12,6/20/2020,20
Batch12,6/21/2020,20
Batch12,6/22/2020,20
Batch12,6/23/2020,20
Batch12,6/24/2020,20
Batch12,6/25/2020,20
Batch12,6/26/2020,20
Batch12,6/27/2020,20
Batch12,6/28/2020,20
Batch12,6/29/2020,20
Batch12,6/30/2020,20
Batch12,7/1/2020,20
Batch12,7/2/2020,20
Batch12,7/3/2020,20
Batch12,7/4/2020,20
Batch12,7/5/2020,20
Batch12,7/6/2020,20
Batch12,7/7/2020,20
Batch12,7/8/2020,20
Batch12,7/9/2020,20
Batch12,7/10/2020,20
Batch12,7/11/2020,20
Batch12,7/12/2020,20
Batch12,7/13/2020,6
Batch12,7/14/2020,20
Batch12,7/15/2020,20
Batch12,7/16/2020,20
Batch12,7/17/2020,20
Batch12,7/18/2020,20
Batch12,7/19/2020,20
Batch12,7/20/2020,20
Batch13,5/22/2020,4
Batch13,5/23/2020,4
Batch13,5/24/2020,4
Batch13,5/25/2020,4
Batch13,5/26/2020,4
Batch13,5/27/2020,4
Batch13,5/28/2020,4
Batch13,5/29/2020,4
Batch13,5/30/2020,4
Batch13,5/31/2020,4
Batch13,6/1/2020,4
Batch13,6/2/2020,4
Batch13,6/3/2020,4
Batch13,6/4/2020,4
Batch13,6/5/2020,4
Batch13,6/6/2020,4
Batch13,6/7/2020,4
Batch13,6/8/2020,4
Batch13,6/9/2020,4
Batch13,6/10/2020,4
Batch13,6/11/2020,4
Batch13,6/12/2020,4
Batch13,6/13/2020,4
Batch13,6/14/2020,4
Batch13,6/15/2020,4
Batch13,6/16/2020,4
Batch13,6/17/2020,4
Batch13,6/18/2020,4
Batch13,6/19/2020,4
Batch13,6/20/2020,4
Batch13,6/21/2020,4
Batch13,6/22/2020,4
Batch13,6/23/2020,4
Batch13,6/24/2020,4
Batch13,6/25/2020,4
Batch13,6/26/2020,4
Batch13,6/27/2020,4
Batch13,6/28/2020,4
Batch13,6/29/2020,4
Batch13,6/30/2020,4
Batch13,7/1/2020,4
Batch13,7/2/2020,4
Batch13,7/3/2020,4
Batch13,7/4/2020,4
Batch13,7/5/2020,4
Batch13,7/6/2020,4
Batch13,7/7/2020,4
Batch13,7/8/2020,4
Batch13,7/9/2020,4
Batch13,7/10/2020,4
Batch13,7/11/2020,4
Batch13,7/13/2020,4
Batch13,7/14/2020,4
Batch13,7/15/2020,4
Batch13,7/16/2020,4
Batch13,7/17/2020,4
Batch13,7/18/2020,4
Batch13,7/19/2020,4
Batch13,7/20/2020,4
Batch13,7/21/2020,4
Batch14,5/22/2020,70
Batch14,5/23/2020,70
Batch14,5/24/2020,70
Batch14,5/25/2020,70
Batch14,5/26/2020,70
Batch14,5/27/2020,70
Batch14,5/28/2020,70
Batch14,5/29/2020,70
Batch14,5/30/2020,70
Batch14,5/31/2020,70
Batch14,6/1/2020,70
Batch14,6/2/2020,70
Batch14,6/3/2020,70
Batch14,6/4/2020,70
Batch14,6/5/2020,70
Batch14,6/6/2020,70
Batch14,6/7/2020,70
Batch14,6/8/2020,70
Batch14,6/9/2020,70
Batch14,6/10/2020,70
Batch14,6/11/2020,70
Batch14,6/12/2020,70
Batch14,6/13/2020,70
Batch14,6/14/2020,70
Batch14,6/15/2020,70
Batch14,6/16/2020,70
Batch14,6/17/2020,70
Batch14,6/18/2020,70
Batch14,6/19/2020,70
Batch14,6/20/2020,70
Batch14,6/21/2020,70
Batch14,6/22/2020,70
Batch14,6/23/2020,70
Batch14,6/24/2020,70
Batch14,6/25/2020,70
Batch14,6/26/2020,70
Batch14,6/27/2020,70
Batch14,6/28/2020,70
Batch14,6/29/2020,70
Batch14,6/30/2020,70
Batch14,7/1/2020,70
Batch14,7/2/2020,70
Batch14,7/3/2020,70
Batch14,7/4/2020,70
Batch14,7/5/2020,70
Batch14,7/6/2020,70
Batch14,7/7/2020,70
Batch14,7/8/2020,70
Batch14,7/9/2020,70
Batch14,7/10/2020,70
Batch14,7/11/2020,70
Batch14,7/13/2020,108
Batch14,7/14/2020,70
Batch14,7/15/2020,70
Batch14,7/16/2020,70
Batch14,7/17/2020,70
Batch14,7/18/2020,70
Batch14,7/19/2020,70
Batch14,7/20/2020,70
Batch14,7/21/2020,70
Batch15,5/22/2020,3
Batch15,5/25/2020,3
Batch15,5/26/2020,3
Batch15,5/27/2020,3
Batch15,5/28/2020,3
Batch15,5/29/2020,3
Batch15,6/1/2020,3
Batch15,6/2/2020,3
Batch15,6/3/2020,3
Batch15,6/4/2020,3
Batch15,6/5/2020,3
Batch15,6/8/2020,3
Batch15,6/9/2020,3
Batch15,6/10/2020,3
Batch15,6/11/2020,3
Batch15,6/12/2020,3
Batch15,6/15/2020,3
Batch15,6/16/2020,3
Batch15,6/17/2020,3
Batch15,6/18/2020,3
Batch15,6/19/2020,3
Batch15,6/22/2020,3
Batch15,6/23/2020,3
Batch15,6/24/2020,3
Batch15,6/25/2020,3
Batch15,6/26/2020,3
Batch15,6/29/2020,3
Batch15,6/30/2020,3
Batch15,7/1/2020,3
Batch15,7/2/2020,3
Batch15,7/3/2020,3
Batch15,7/6/2020,3
Batch15,7/7/2020,3
Batch15,7/8/2020,3
Batch15,7/9/2020,3
Batch15,7/10/2020,3
Batch15,7/13/2020,3
Batch15,7/14/2020,3
Batch15,7/15/2020,3
Batch15,7/16/2020,3
Batch15,7/17/2020,3
Batch15,7/20/2020,3
Batch15,7/21/2020,3
Batch16,5/22/2020,54
Batch16,5/23/2020,54
Batch16,5/24/2020,54
Batch16,5/25/2020,54
Batch16,5/26/2020,54
Batch16,5/27/2020,54
Batch16,5/28/2020,54
Batch16,5/29/2020,54
Batch16,5/30/2020,54
Batch16,5/31/2020,54
Batch16,6/1/2020,54
Batch16,6/2/2020,54
Batch16,6/3/2020,54
Batch16,6/4/2020,54
Batch16,6/5/2020,54
Batch16,6/6/2020,54
Batch16,6/7/2020,54
Batch16,6/8/2020,54
Batch16,6/9/2020,54
Batch16,6/10/2020,54
Batch16,6/11/2020,54
Batch16,6/12/2020,54
Batch16,6/13/2020,54
Batch16,6/14/2020,54
Batch16,6/15/2020,54
Batch16,6/16/2020,54
Batch16,6/17/2020,54
Batch16,6/18/2020,54
Batch16,6/19/2020,54
Batch16,6/20/2020,54
Batch16,6/21/2020,54
Batch16,6/22/2020,54
Batch16,6/23/2020,54
Batch16,6/24/2020,54
Batch16,6/25/2020,54
Batch16,6/26/2020,54
Batch16,6/27/2020,54
Batch16,6/28/2020,54
Batch16,6/29/2020,54
Batch16,6/30/2020,54
Batch16,7/1/2020,54
Batch16,7/2/2020,54
Batch16,7/3/2020,54
Batch16,7/4/2020,54
Batch16,7/5/2020,54
Batch16,7/6/2020,54
Batch16,7/7/2020,54
Batch16,7/8/2020,54
Batch16,7/9/2020,54
Batch16,7/10/2020,54
Batch16,7/11/2020,54
Batch16,7/12/2020,54
Batch16,7/13/2020,54
Batch16,7/14/2020,54
Batch16,7/15/2020,54
Batch16,7/16/2020,54
Batch16,7/17/2020,54
Batch16,7/18/2020,54
Batch16,7/19/2020,54
Batch16,7/20/2020,54
Batch16,7/21/2020,54
Batch17,5/22/2020,3
Batch17,5/23/2020,3
Batch17,5/24/2020,3
Batch17,5/25/2020,3
Batch17,5/26/2020,3
Batch17,5/27/2020,3
Batch17,5/28/2020,3
Batch17,5/29/2020,3
Batch17,5/30/2020,3
Batch17,5/31/2020,3
Batch17,6/1/2020,3
Batch17,6/2/2020,3
Batch17,6/3/2020,3
Batch17,6/4/2020,3
Batch17,6/5/2020,3
Batch17,6/6/2020,3
Batch17,6/7/2020,3
Batch17,6/8/2020,3
Batch17,6/9/2020,3
Batch17,6/10/2020,3
Batch17,6/11/2020,3
Batch17,6/12/2020,3
Batch17,6/13/2020,3
Batch17,6/14/2020,3
Batch17,6/15/2020,3
Batch17,6/16/2020,3
Batch17,6/17/2020,3
Batch17,6/18/2020,3
Batch17,6/19/2020,3
Batch17,6/20/2020,3
Batch17,6/21/2020,3
Batch17,6/22/2020,3
Batch17,6/23/2020,3
Batch17,6/24/2020,3
Batch17,6/25/2020,3
Batch17,6/26/2020,3
Batch17,6/27/2020,3
Batch17,6/28/2020,3
Batch17,6/29/2020,3
Batch17,6/30/2020,3
Batch17,7/1/2020,3
Batch17,7/2/2020,3
Batch17,7/3/2020,3
Batch17,7/4/2020,3
Batch17,7/5/2020,3
Batch17,7/6/2020,3
Batch17,7/7/2020,3
Batch17,7/8/2020,3
Batch17,7/9/2020,3
Batch17,7/10/2020,3
Batch17,7/11/2020,3
Batch17,7/12/2020,3
Batch17,7/13/2020,3
Batch17,7/14/2020,3
Batch17,7/15/2020,3
Batch17,7/16/2020,3
Batch17,7/17/2020,3
Batch17,7/18/2020,3
Batch17,7/19/2020,3
Batch17,7/20/2020,3
Batch17,7/21/2020,3
Batch18,5/22/2020,24
Batch18,5/23/2020,24
Batch18,5/24/2020,24
Batch18,5/25/2020,24
Batch18,5/26/2020,24
Batch18,5/27/2020,24
Batch18,5/28/2020,24
Batch18,5/29/2020,24
Batch18,5/30/2020,24
Batch18,5/31/2020,24
Batch18,6/1/2020,24
Batch18,6/2/2020,24
Batch18,6/3/2020,24
Batch18,6/4/2020,24
Batch18,6/5/2020,24
Batch18,6/6/2020,24
Batch18,6/7/2020,24
Batch18,6/8/2020,24
Batch18,6/9/2020,24
Batch18,6/10/2020,24
Batch18,6/11/2020,24
Batch18,6/12/2020,24
Batch18,6/13/2020,24
Batch18,6/14/2020,24
Batch18,6/15/2020,24
Batch18,6/16/2020,24
Batch18,6/17/2020,24
Batch18,6/18/2020,24
Batch18,6/19/2020,24
Batch18,6/20/2020,24
Batch18,6/21/2020,24
Batch18,6/22/2020,24
Batch18,6/23/2020,24
Batch18,6/24/2020,24
Batch18,6/25/2020,24
Batch18,6/26/2020,24
Batch18,6/27/2020,24
Batch18,6/28/2020,24
Batch18,6/29/2020,24
Batch18,6/30/2020,24
Batch18,7/2/2020,33
Batch18,7/3/2020,24
Batch18,7/4/2020,24
Batch18,7/5/2020,24
Batch18,7/6/2020,24
Batch18,7/7/2020,24
Batch18,7/8/2020,24
Batch18,7/9/2020,24
Batch18,7/10/2020,24
Batch18,7/11/2020,24
Batch18,7/13/2020,24
Batch18,7/14/2020,24
Batch18,7/15/2020,24
Batch18,7/16/2020,24
Batch18,7/17/2020,24
Batch18,7/18/2020,24
Batch18,7/19/2020,24
Batch18,7/20/2020,3
Batch18,7/21/2020,24
Batch19,5/22/2020,12
Batch19,5/23/2020,12
Batch19,5/24/2020,12
Batch19,5/25/2020,12
Batch19,5/26/2020,12
Batch19,5/27/2020,12
Batch19,5/28/2020,12
Batch19,5/29/2020,12
Batch19,5/30/2020,12
Batch19,5/31/2020,12
Batch19,6/1/2020,12
Batch19,6/2/2020,12
Batch19,6/3/2020,12
Batch19,6/4/2020,12
Batch19,6/5/2020,12
Batch19,6/6/2020,12
Batch19,6/7/2020,12
Batch19,6/8/2020,12
Batch19,6/9/2020,12
Batch19,6/10/2020,12
Batch19,6/11/2020,12
Batch19,6/12/2020,12
Batch19,6/13/2020,12
Batch19,6/14/2020,12
Batch19,6/15/2020,12
Batch19,6/16/2020,12
Batch19,6/17/2020,12
Batch19,6/18/2020,12
Batch19,6/19/2020,12
Batch19,6/20/2020,12
Batch19,6/21/2020,12
Batch19,6/22/2020,12
Batch19,6/23/2020,12
Batch19,6/24/2020,12
Batch19,6/25/2020,12
Batch19,6/26/2020,12
Batch19,6/27/2020,12
Batch19,6/28/2020,12
Batch19,6/29/2020,12
Batch19,6/30/2020,12
Batch19,7/1/2020,12
Batch19,7/2/2020,12
Batch19,7/3/2020,12
Batch19,7/4/2020,12
Batch19,7/5/2020,12
Batch19,7/6/2020,12
Batch19,7/7/2020,12
Batch19,7/8/2020,12
Batch19,7/9/2020,12
Batch19,7/10/2020,12
Batch19,7/11/2020,12
Batch19,7/12/2020,12
Batch19,7/13/2020,12
Batch19,7/14/2020,12
Batch19,7/15/2020,12
Batch19,7/16/2020,12
Batch19,7/17/2020,12
Batch19,7/18/2020,12
Batch19,7/19/2020,12
Batch19,7/20/2020,12
Batch19,7/21/2020,12
Batch20,5/22/2020,34
Batch20,5/23/2020,34
Batch20,5/24/2020,34
Batch20,5/25/2020,34
Batch20,5/26/2020,34
Batch20,5/27/2020,34
Batch20,5/28/2020,34
Batch20,5/29/2020,34
Batch20,5/30/2020,34
Batch20,5/31/2020,34
Batch20,6/1/2020,34
Batch20,6/2/2020,34
Batch20,6/3/2020,34
Batch20,6/4/2020,34
Batch20,6/5/2020,34
Batch20,6/6/2020,34
Batch20,6/7/2020,34
Batch20,6/8/2020,34
Batch20,6/9/2020,34
Batch20,6/10/2020,34
Batch20,6/11/2020,34
Batch20,6/12/2020,34
Batch20,6/13/2020,34
Batch20,6/14/2020,34
Batch20,6/15/2020,34
Batch20,6/16/2020,34
Batch20,6/17/2020,34
Batch20,6/18/2020,34
Batch20,6/19/2020,34
Batch20,6/20/2020,34
Batch20,6/21/2020,34
Batch20,6/22/2020,34
Batch20,6/23/2020,34
Batch20,6/24/2020,34
Batch20,6/25/2020,34
Batch20,6/26/2020,34
Batch20,6/27/2020,34
Batch20,6/28/2020,34
Batch20,6/29/2020,34
Batch20,6/30/2020,34
Batch20,7/1/2020,34
Batch20,7/2/2020,34
Batch20,7/3/2020,34
Batch20,7/4/2020,34
Batch20,7/5/2020,34
Batch20,7/6/2020,34
Batch20,7/7/2020,34
Batch20,7/8/2020,34
Batch20,7/9/2020,34
Batch20,7/10/2020,34
Batch20,7/11/2020,34
Batch20,7/12/2020,34
Batch20,7/13/2020,34
Batch20,7/14/2020,34
Batch20,7/15/2020,34
Batch20,7/16/2020,34
Batch20,7/17/2020,34
Batch20,7/18/2020,34
Batch20,7/19/2020,34
Batch20,7/20/2020,34
Batch20,7/21/2020,34
Batch21,5/22/2020,28
Batch21,5/23/2020,28
Batch21,5/24/2020,28
Batch21,5/25/2020,28
Batch21,5/26/2020,28
Batch21,5/27/2020,28
Batch21,5/28/2020,28
Batch21,5/29/2020,28
Batch21,5/30/2020,28
Batch21,5/31/2020,28
Batch21,6/1/2020,28
Batch21,6/2/2020,28
Batch21,6/3/2020,28
Batch21,6/4/2020,28
Batch21,6/5/2020,28
Batch21,6/6/2020,28
Batch21,6/7/2020,28
Batch21,6/8/2020,28
Batch21,6/9/2020,28
Batch21,6/10/2020,28
Batch21,6/11/2020,28
Batch21,6/12/2020,28
Batch21,6/13/2020,28
Batch21,6/14/2020,28
Batch21,6/15/2020,28
Batch21,6/16/2020,28
Batch21,6/17/2020,28
Batch21,6/18/2020,28
Batch21,6/19/2020,28
Batch21,6/20/2020,28
Batch21,6/21/2020,28
Batch21,6/22/2020,28
Batch21,6/23/2020,28
Batch21,6/24/2020,28
Batch21,6/25/2020,28
Batch21,6/26/2020,28
Batch21,6/27/2020,28
Batch21,6/28/2020,28
Batch21,6/29/2020,28
Batch21,6/30/2020,28
Batch21,7/1/2020,28
Batch21,7/2/2020,28
Batch21,7/3/2020,28
Batch21,7/4/2020,28
Batch21,7/5/2020,28
Batch21,7/6/2020,28
Batch21,7/7/2020,28
Batch21,7/8/2020,28
Batch21,7/9/2020,28
Batch21,7/10/2020,28
Batch21,7/11/2020,28
Batch21,7/12/2020,28
Batch21,7/13/2020,28
Batch21,7/14/2020,28
Batch21,7/15/2020,28
Batch21,7/16/2020,28
Batch21,7/17/2020,28
Batch21,7/18/2020,28
Batch21,7/19/2020,28
Batch21,7/20/2020,28
Batch21,7/21/2020,28
Batch22,5/22/2020,14
Batch22,5/23/2020,14
Batch22,5/24/2020,14
Batch22,5/25/2020,14
Batch22,5/26/2020,14
Batch22,5/27/2020,14
Batch22,5/28/2020,14
Batch22,5/29/2020,14
Batch22,5/30/2020,14
Batch22,5/31/2020,14
Batch22,6/1/2020,14
Batch22,6/2/2020,14
Batch22,6/3/2020,14
Batch22,6/4/2020,14
Batch22,6/5/2020,14
Batch22,6/6/2020,14
Batch22,6/7/2020,14
Batch22,6/8/2020,14
Batch22,6/9/2020,14
Batch22,6/10/2020,14
Batch22,6/11/2020,14
Batch22,6/12/2020,14
Batch22,6/13/2020,14
Batch22,6/14/2020,14
Batch22,6/15/2020,14
Batch22,6/16/2020,14
Batch22,6/17/2020,14
Batch22,6/18/2020,14
Batch22,6/19/2020,14
Batch22,6/20/2020,14
Batch22,6/21/2020,14
Batch22,6/22/2020,14
Batch22,6/23/2020,14
Batch22,6/24/2020,14
Batch22,6/25/2020,14
Batch22,6/26/2020,14
Batch22,6/27/2020,14
Batch22,6/28/2020,14
Batch22,6/29/2020,14
Batch22,6/30/2020,14
Batch22,7/1/2020,14
Batch22,7/2/2020,14
Batch22,7/3/2020,14
Batch22,7/4/2020,14
Batch22,7/5/2020,14
Batch22,7/6/2020,14
Batch22,7/7/2020,3
Batch22,7/8/2020,3
Batch22,7/9/2020,14
Batch22,7/10/2020,14
Batch22,7/11/2020,14
Batch22,7/13/2020,14
Batch22,7/14/2020,14
Batch22,7/15/2020,14
Batch22,7/16/2020,14
Batch22,7/17/2020,14
Batch22,7/18/2020,14
Batch22,7/19/2020,14
Batch22,7/20/2020,14
Batch22,7/21/2020,14
Batch23,5/22/2020,5
Batch23,5/23/2020,5
Batch23,5/24/2020,5
Batch23,5/25/2020,5
Batch23,5/26/2020,5
Batch23,5/27/2020,5
Batch23,5/28/2020,5
Batch23,5/29/2020,5
Batch24,5/22/2020,3
Batch24,5/23/2020,5
Batch24,5/24/2020,3
Batch24,5/25/2020,3
Batch24,5/26/2020,3
Batch24,5/27/2020,3
Batch24,5/28/2020,3
Batch24,5/29/2020,3
Batch24,5/30/2020,5
Batch24,5/31/2020,5
Batch24,6/1/2020,5
Batch24,6/2/2020,5
Batch24,6/3/2020,5
Batch24,6/4/2020,5
Batch24,6/5/2020,5
Batch24,6/6/2020,5
Batch24,6/7/2020,5
Batch24,6/8/2020,5
Batch24,6/9/2020,5
Batch24,6/10/2020,5
Batch24,6/11/2020,5
Batch24,6/12/2020,5
Batch24,6/13/2020,5
Batch24,6/14/2020,5
Batch24,6/15/2020,5
Batch24,6/16/2020,5
Batch24,6/17/2020,5
Batch24,6/18/2020,5
Batch24,6/19/2020,5
Batch24,6/20/2020,5
Batch24,6/21/2020,5
Batch24,6/22/2020,5
Batch24,6/23/2020,5
Batch24,6/24/2020,5
Batch24,6/25/2020,5
Batch24,6/26/2020,5
Batch24,6/27/2020,5
Batch24,6/28/2020,5
Batch24,6/29/2020,5
Batch24,6/30/2020,5
Batch24,7/1/2020,5
Batch24,7/2/2020,5
Batch24,7/3/2020,5
Batch24,7/4/2020,5
Batch24,7/5/2020,5
Batch24,7/6/2020,5
Batch24,7/7/2020,5
Batch24,7/8/2020,5
Batch24,7/9/2020,5
Batch24,7/10/2020,5
Batch24,7/11/2020,5
Batch24,7/12/2020,5
Batch24,7/13/2020,5
Batch24,7/14/2020,5
Batch24,7/15/2020,5
Batch24,7/16/2020,5
Batch24,7/17/2020,5
Batch24,7/18/2020,5
Batch24,7/19/2020,5
Batch24,7/20/2020,5
Batch25,5/22/2020,3
Batch25,5/23/2020,3
Batch25,5/24/2020,3
Batch25,5/25/2020,3
Batch25,5/26/2020,3
Batch25,5/27/2020,3
Batch25,5/28/2020,3
Batch25,5/29/2020,3
Batch25,5/30/2020,3
Batch25,5/31/2020,3
Batch25,6/1/2020,3
Batch25,6/2/2020,3
Batch25,6/3/2020,3
Batch25,6/4/2020,3
Batch25,6/5/2020,3
Batch25,6/6/2020,3
Batch25,6/7/2020,3
Batch25,6/8/2020,3
Batch25,6/9/2020,3
Batch25,6/10/2020,3
Batch25,6/11/2020,3
Batch25,6/12/2020,3
Batch25,6/13/2020,3
Batch25,6/14/2020,3
Batch25,6/15/2020,3
Batch25,6/16/2020,3
Batch25,6/17/2020,3
Batch25,6/18/2020,3
Batch25,6/19/2020,3
Batch25,6/20/2020,3
Batch25,6/21/2020,3
Batch25,6/22/2020,3
Batch25,6/23/2020,3
Batch25,6/24/2020,3
Batch25,6/25/2020,3
Batch25,6/26/2020,3
Batch25,6/27/2020,3
Batch25,6/28/2020,3
Batch25,6/29/2020,3
Batch25,6/30/2020,3
Batch25,7/1/2020,3
Batch25,7/2/2020,3
Batch25,7/3/2020,3
Batch25,7/4/2020,3
Batch25,7/5/2020,3
Batch25,7/6/2020,3
Batch25,7/7/2020,3
Batch25,7/8/2020,3
Batch25,7/9/2020,3
Batch25,7/10/2020,3
Batch25,7/11/2020,3
Batch25,7/12/2020,3
Batch25,7/13/2020,3
Batch25,7/14/2020,3
Batch25,7/15/2020,3
Batch25,7/16/2020,3
Batch25,7/17/2020,3
Batch25,7/18/2020,3
Batch25,7/19/2020,3
Batch25,7/20/2020,3
Batch26,5/22/2020,5
Batch26,5/23/2020,5
Batch26,5/24/2020,5
Batch26,5/25/2020,5
Batch26,5/26/2020,5
Batch26,5/27/2020,5
Batch26,5/28/2020,5
Batch26,5/29/2020,5
Batch26,5/30/2020,5
Batch26,5/31/2020,5
Batch26,6/1/2020,5
Batch26,6/2/2020,5
Batch26,6/3/2020,5
Batch26,6/4/2020,5
Batch26,6/5/2020,5
Batch26,6/6/2020,5
Batch26,6/7/2020,5
Batch26,6/8/2020,5
Batch26,6/9/2020,5
Batch26,6/10/2020,5
Batch26,6/11/2020,5
Batch26,6/12/2020,5
Batch26,6/13/2020,5
Batch26,6/14/2020,5
Batch26,6/15/2020,5
Batch26,6/16/2020,5
Batch26,6/17/2020,5
Batch26,6/18/2020,5
Batch26,6/19/2020,5
Batch26,6/20/2020,5
Batch26,6/21/2020,5
Batch26,6/22/2020,5
Batch26,6/23/2020,5
Batch26,6/24/2020,5
Batch26,6/25/2020,5
Batch26,6/26/2020,5
Batch26,6/27/2020,5
Batch26,6/28/2020,5
Batch26,6/29/2020,5
Batch26,6/30/2020,5
Batch26,7/1/2020,5
Batch26,7/2/2020,5
Batch26,7/3/2020,5
Batch26,7/4/2020,5
Batch26,7/5/2020,5
Batch26,7/6/2020,5
Batch26,7/7/2020,5
Batch26,7/8/2020,5
Batch26,7/9/2020,5
Batch26,7/10/2020,5
Batch26,7/11/2020,5
Batch26,7/12/2020,5
Batch26,7/13/2020,5
Batch26,7/14/2020,5
Batch26,7/15/2020,5
Batch26,7/16/2020,5
Batch26,7/17/2020,5
Batch26,7/18/2020,5
Batch26,7/19/2020,5
Batch26,7/20/2020,5
Batch27,5/22/2020,8
Batch27,5/23/2020,8
Batch27,5/24/2020,8
Batch27,5/25/2020,8
Batch27,5/26/2020,8
Batch27,5/27/2020,8
Batch27,5/28/2020,8
Batch27,5/29/2020,8
Batch27,5/30/2020,8
Batch27,5/31/2020,8
Batch27,6/1/2020,8
Batch27,6/2/2020,8
Batch27,6/3/2020,8
Batch27,6/4/2020,8
Batch27,6/5/2020,8
Batch27,6/6/2020,8
Batch27,6/7/2020,8
Batch27,6/8/2020,8
Batch27,6/9/2020,8
Batch27,6/10/2020,8
Batch27,6/11/2020,8
Batch27,6/12/2020,8
Batch27,6/13/2020,8
Batch27,6/14/2020,8
Batch27,6/15/2020,8
Batch27,6/16/2020,8
Batch27,6/17/2020,8
Batch27,6/18/2020,8
Batch27,6/19/2020,8
Batch27,6/20/2020,8
Batch27,6/21/2020,8
Batch27,6/22/2020,8
Batch27,6/23/2020,8
Batch27,6/24/2020,8
Batch27,6/25/2020,8
Batch27,6/26/2020,8
Batch27,6/27/2020,8
Batch27,6/28/2020,8
Batch27,6/29/2020,8
Batch27,6/30/2020,8
Batch27,7/1/2020,8
Batch27,7/2/2020,8
Batch27,7/3/2020,8
Batch27,7/4/2020,8
Batch27,7/5/2020,8
Batch27,7/6/2020,8
Batch27,7/7/2020,8
Batch27,7/8/2020,8
Batch27,7/9/2020,8
Batch27,7/10/2020,8
Batch27,7/11/2020,8
Batch27,7/12/2020,8
Batch27,7/13/2020,8
Batch27,7/14/2020,8
Batch27,7/15/2020,8
Batch27,7/16/2020,8
Batch27,7/17/2020,8
Batch27,7/18/2020,8
Batch27,7/19/2020,8
Batch27,7/20/2020,8
Batch28,5/22/2020,22
Batch28,5/23/2020,22
Batch28,5/24/2020,22
Batch28,5/25/2020,22
Batch28,5/26/2020,22
Batch28,5/27/2020,22
Batch28,5/28/2020,22
Batch28,5/29/2020,22
Batch28,5/30/2020,22
Batch28,5/31/2020,22
Batch28,6/1/2020,22
Batch28,6/2/2020,22
Batch28,6/3/2020,22
Batch28,6/4/2020,22
Batch28,6/5/2020,22
Batch28,6/6/2020,22
Batch28,6/7/2020,22
Batch28,6/8/2020,22
Batch28,6/9/2020,22
Batch28,6/10/2020,22
Batch28,6/11/2020,22
Batch28,6/12/2020,22
Batch28,6/13/2020,22
Batch28,6/14/2020,22
Batch28,6/15/2020,22
Batch28,6/16/2020,22
Batch28,6/17/2020,22
Batch28,6/18/2020,22
Batch28,6/19/2020,22
Batch28,6/20/2020,22
Batch28,6/21/2020,22
Batch28,6/22/2020,22
Batch28,6/23/2020,22
Batch28,6/24/2020,22
Batch28,6/25/2020,22
Batch28,6/26/2020,22
Batch28,6/27/2020,22
Batch28,6/28/2020,22
Batch28,6/29/2020,22
Batch28,6/30/2020,22
Batch28,7/1/2020,22
Batch28,7/2/2020,22
Batch28,7/3/2020,22
Batch28,7/4/2020,22
Batch28,7/5/2020,22
Batch28,7/6/2020,22
Batch28,7/7/2020,22
Batch28,7/8/2020,22
Batch28,7/9/2020,22
Batch28,7/10/2020,22
Batch28,7/11/2020,22
Batch28,7/12/2020,22
Batch28,7/13/2020,22
Batch28,7/14/2020,22
Batch28,7/15/2020,22
Batch28,7/16/2020,22
Batch28,7/17/2020,22
Batch28,7/18/2020,22
Batch28,7/19/2020,22
Batch28,7/20/2020,22
Batch28,7/21/2020,22
Batch29,5/22/2020,425
Batch29,5/23/2020,428
Batch29,5/24/2020,428
Batch29,5/25/2020,420
Batch29,5/26/2020,432
Batch29,5/27/2020,425
Batch29,5/28/2020,431
Batch29,5/29/2020,424
Batch29,5/30/2020,420
Batch29,5/31/2020,420
Batch29,6/1/2020,429
Batch29,6/2/2020,427
Batch29,6/3/2020,423
Batch29,6/4/2020,424
Batch29,6/5/2020,428
Batch29,6/6/2020,430
Batch29,6/7/2020,430
Batch29,6/8/2020,427
Batch29,6/9/2020,428
Batch29,6/10/2020,434
Batch29,6/11/2020,434
Batch29,6/12/2020,434
Batch29,6/13/2020,433
Batch29,6/14/2020,434
Batch29,6/15/2020,437
Batch29,6/16/2020,431
Batch29,6/17/2020,428
Batch29,6/18/2020,433
Batch29,6/19/2020,431
Batch29,6/20/2020,433
Batch29,6/21/2020,428
Batch29,6/22/2020,434
Batch29,6/23/2020,435
Batch29,6/24/2020,435
Batch29,6/25/2020,431
Batch29,6/26/2020,436
Batch29,6/27/2020,433
Batch29,6/28/2020,433
Batch29,6/29/2020,434
Batch29,6/30/2020,300
Batch29,7/1/2020,49
Batch29,7/2/2020,431
Batch29,7/3/2020,436
Batch29,7/4/2020,439
Batch29,7/5/2020,432
Batch29,7/6/2020,438
Batch29,7/7/2020,435
Batch29,7/8/2020,436
Batch29,7/9/2020,437
Batch29,7/10/2020,437
Batch29,7/11/2020,435
Batch29,7/13/2020,612
Batch29,7/14/2020,335
Batch29,7/15/2020,304
Batch29,7/16/2020,48
Batch29,7/17/2020,437
Batch29,7/18/2020,437
Batch29,7/19/2020,437
Batch29,7/20/2020,378
Batch29,7/21/2020,437
Batch30,5/22/2020,168
Batch30,5/23/2020,168
Batch30,5/24/2020,168
Batch30,5/25/2020,140
Batch30,5/26/2020,166
Batch30,5/27/2020,168
Batch30,5/28/2020,166
Batch30,5/29/2020,166
Batch30,5/30/2020,168
Batch30,5/31/2020,168
Batch30,6/1/2020,168
Batch30,6/2/2020,168
Batch30,6/3/2020,189
Batch30,6/4/2020,170
Batch30,6/5/2020,183
Batch30,6/6/2020,192
Batch30,6/7/2020,192
Batch30,6/8/2020,186
Batch30,6/9/2020,189
Batch30,6/10/2020,192
Batch30,6/11/2020,186
Batch30,6/12/2020,192
Batch30,6/13/2020,192
Batch30,6/14/2020,192
Batch30,6/15/2020,192
Batch30,6/16/2020,192
Batch30,6/17/2020,192
Batch30,6/18/2020,192
Batch30,6/19/2020,192
Batch30,6/20/2020,181
Batch30,6/21/2020,192
Batch30,6/22/2020,192
Batch30,6/23/2020,176
Batch30,6/24/2020,192
Batch30,6/25/2020,192
Batch30,6/26/2020,192
Batch30,6/27/2020,192
Batch30,6/28/2020,192
Batch30,6/29/2020,192
Batch30,6/30/2020,192
Batch30,7/1/2020,167
Batch30,7/2/2020,189
Batch30,7/3/2020,189
Batch30,7/4/2020,192
Batch30,7/5/2020,192
Batch30,7/6/2020,192
Batch30,7/7/2020,186
Batch30,7/8/2020,192
Batch30,7/9/2020,178
Batch30,7/10/2020,184
Batch30,7/11/2020,192
Batch30,7/12/2020,165
Batch30,7/13/2020,192
Batch30,7/14/2020,192
Batch30,7/15/2020,192
Batch30,7/16/2020,192
Batch30,7/17/2020,192
Batch30,7/18/2020,192
Batch30,7/19/2020,184
Batch30,7/20/2020,189
Batch30,7/21/2020,101
Batch31,5/22/2020,15
Batch31,5/23/2020,15
Batch31,5/24/2020,15
Batch31,5/25/2020,15
Batch31,5/26/2020,15
Batch31,5/27/2020,15
Batch31,5/28/2020,15
Batch31,5/29/2020,15
Batch31,5/30/2020,15
Batch31,5/31/2020,15
Batch31,6/1/2020,15
Batch31,6/2/2020,15
Batch31,6/3/2020,15
Batch31,6/4/2020,15
Batch31,6/5/2020,15
Batch31,6/6/2020,15
Batch31,6/7/2020,15
Batch31,6/8/2020,15
Batch31,6/9/2020,15
Batch31,6/10/2020,15
Batch31,6/11/2020,15
Batch31,6/12/2020,15
Batch31,6/13/2020,15
Batch31,6/14/2020,15
Batch31,6/15/2020,15
Batch31,6/16/2020,15
Batch31,6/17/2020,15
Batch31,6/18/2020,15
Batch31,6/19/2020,15
Batch31,6/20/2020,15
Batch31,6/21/2020,15
Batch31,6/22/2020,15
Batch31,6/23/2020,15
Batch31,6/24/2020,15
Batch31,6/25/2020,15
Batch31,6/26/2020,15
Batch31,6/27/2020,15
Batch31,6/28/2020,15
Batch31,6/29/2020,15
Batch31,6/30/2020,15
Batch31,7/1/2020,15
Batch31,7/2/2020,15
Batch31,7/3/2020,15
Batch31,7/4/2020,15
Batch31,7/5/2020,15
Batch31,7/6/2020,15
Batch31,7/7/2020,15
Batch31,7/8/2020,15
Batch31,7/9/2020,15
Batch31,7/10/2020,15
Batch31,7/11/2020,15
Batch31,7/12/2020,15
Batch31,7/13/2020,15
Batch31,7/14/2020,15
Batch31,7/15/2020,15
Batch31,7/16/2020,15
Batch31,7/17/2020,15
Batch31,7/18/2020,15
Batch31,7/19/2020,15
Batch31,7/20/2020,15
Batch31,7/21/2020,15
Batch32,5/22/2020,16
Batch32,5/23/2020,16
Batch32,5/24/2020,16
Batch32,5/25/2020,16
Batch32,5/26/2020,16
Batch32,5/27/2020,17
Batch32,5/28/2020,17
Batch32,5/29/2020,17
Batch32,5/30/2020,17
Batch32,5/31/2020,17
Batch32,6/1/2020,17
Batch32,6/2/2020,17
Batch32,6/3/2020,17
Batch32,6/4/2020,17
Batch32,6/5/2020,17
Batch32,6/6/2020,17
Batch32,6/7/2020,17
Batch32,6/8/2020,17
Batch32,6/9/2020,17
Batch32,6/10/2020,17
Batch32,6/11/2020,17
Batch32,6/12/2020,17
Batch32,6/13/2020,17
Batch32,6/14/2020,17
Batch32,6/15/2020,17
Batch32,6/16/2020,17
Batch32,6/17/2020,17
Batch32,6/18/2020,17
Batch32,6/19/2020,17
Batch32,6/20/2020,17
Batch32,6/21/2020,17
Batch32,6/22/2020,17
Batch32,6/23/2020,17
Batch32,6/24/2020,17
Batch32,6/25/2020,17
Batch32,6/26/2020,17
Batch32,6/27/2020,17
Batch32,6/28/2020,17
Batch32,6/29/2020,17
Batch32,6/30/2020,17
Batch32,7/1/2020,17
Batch32,7/2/2020,17
Batch32,7/3/2020,17
Batch32,7/4/2020,17
Batch32,7/5/2020,17
Batch32,7/6/2020,17
Batch32,7/7/2020,17
Batch32,7/8/2020,17
Batch32,7/9/2020,17
Batch32,7/10/2020,17
Batch32,7/11/2020,17
Batch32,7/12/2020,17
Batch32,7/13/2020,17
Batch32,7/14/2020,17
Batch32,7/15/2020,17
Batch32,7/16/2020,17
Batch32,7/17/2020,17
Batch32,7/18/2020,17
Batch32,7/19/2020,17
Batch32,7/20/2020,17
Batch32,7/21/2020,17
Batch33,5/22/2020,66
Batch33,5/23/2020,66
Batch33,5/24/2020,66
Batch33,5/25/2020,66
Batch33,5/26/2020,66
Batch33,5/27/2020,66
Batch33,5/28/2020,66
Batch33,5/29/2020,66
Batch33,5/30/2020,66
Batch33,5/31/2020,66
Batch33,6/1/2020,66
Batch33,6/2/2020,66
Batch33,6/3/2020,66
Batch33,6/4/2020,66
Batch33,6/5/2020,66
Batch33,6/6/2020,66
Batch33,6/7/2020,66
Batch33,6/8/2020,66
Batch33,6/9/2020,66
Batch33,6/10/2020,66
Batch33,6/11/2020,66
Batch33,6/12/2020,66
Batch33,6/13/2020,66
Batch33,6/14/2020,66
Batch33,6/15/2020,66
Batch33,6/16/2020,13
Batch33,6/17/2020,66
Batch33,6/18/2020,66
Batch33,6/19/2020,66
Batch33,6/20/2020,66
Batch33,6/21/2020,66
Batch33,6/22/2020,66
Batch33,6/23/2020,66
Batch33,6/24/2020,66
Batch33,6/25/2020,66
Batch33,6/26/2020,66
Batch33,6/27/2020,66
Batch33,6/28/2020,66
Batch33,6/29/2020,66
Batch33,6/30/2020,66
Batch33,7/1/2020,66
Batch33,7/2/2020,66
Batch33,7/3/2020,66
Batch33,7/4/2020,66
Batch33,7/5/2020,66
Batch33,7/6/2020,66
Batch33,7/7/2020,66
Batch33,7/8/2020,66
Batch33,7/9/2020,66
Batch33,7/10/2020,66
Batch33,7/11/2020,66
Batch33,7/12/2020,66
Batch33,7/13/2020,66
Batch33,7/14/2020,66
Batch33,7/15/2020,66
Batch33,7/16/2020,66
Batch33,7/17/2020,66
Batch33,7/18/2020,66
Batch33,7/19/2020,66
Batch33,7/20/2020,66
Batch33,7/21/2020,66
Batch34,5/22/2020,12
Batch34,5/23/2020,12
Batch34,5/24/2020,12
Batch34,5/25/2020,12
Batch34,5/26/2020,12
Batch34,5/27/2020,12
Batch34,5/28/2020,12
Batch34,5/29/2020,12
Batch34,5/30/2020,12
Batch34,5/31/2020,12
Batch34,6/1/2020,12
Batch34,6/2/2020,12
Batch34,6/3/2020,12
Batch34,6/4/2020,12
Batch34,6/5/2020,12
Batch34,6/6/2020,12
Batch34,6/7/2020,12
Batch34,6/8/2020,12
Batch34,6/9/2020,12
Batch34,6/10/2020,12
Batch34,6/11/2020,12
Batch34,6/12/2020,12
Batch34,6/13/2020,12
Batch34,6/14/2020,12
Batch34,6/15/2020,12
Batch34,6/16/2020,12
Batch34,6/17/2020,12
Batch34,6/18/2020,12
Batch34,6/19/2020,12
Batch34,6/20/2020,12
Batch34,6/21/2020,12
Batch34,6/22/2020,12
Batch34,6/23/2020,12
Batch34,6/24/2020,12
Batch34,6/25/2020,12
Batch34,6/26/2020,12
Batch34,6/27/2020,12
Batch34,6/28/2020,12
Batch34,6/29/2020,12
Batch34,6/30/2020,12
Batch34,7/1/2020,12
Batch34,7/2/2020,12
Batch34,7/3/2020,12
Batch34,7/4/2020,12
Batch34,7/5/2020,12
Batch34,7/6/2020,12
Batch34,7/7/2020,12
Batch34,7/8/2020,12
Batch34,7/9/2020,12
Batch34,7/10/2020,12
Batch34,7/11/2020,12
Batch34,7/12/2020,12
Batch34,7/13/2020,12
Batch34,7/14/2020,12
Batch34,7/15/2020,12
Batch34,7/16/2020,12
Batch34,7/17/2020,12
Batch34,7/18/2020,12
Batch34,7/19/2020,12
Batch34,7/20/2020,12
Batch34,7/21/2020,12
Batch35,5/22/2020,1
Batch35,5/23/2020,1
Batch35,5/24/2020,1
Batch35,5/25/2020,1
Batch35,5/26/2020,1
Batch35,5/27/2020,1
Batch35,5/28/2020,1
Batch35,5/29/2020,1
Batch35,5/30/2020,1
Batch35,5/31/2020,1
Batch35,6/1/2020,1
Batch35,6/2/2020,1
Batch35,6/3/2020,1
Batch35,6/4/2020,1
Batch35,6/5/2020,1
Batch35,6/6/2020,1
Batch35,6/7/2020,1
Batch35,6/8/2020,1
Batch35,6/9/2020,1
Batch35,6/10/2020,1
Batch35,6/11/2020,1
Batch35,6/12/2020,1
Batch35,6/13/2020,1
Batch35,6/14/2020,1
Batch35,6/15/2020,1
Batch35,6/16/2020,1
Batch35,6/17/2020,1
Batch35,6/18/2020,1
Batch35,6/19/2020,1
Batch35,6/20/2020,1
Batch35,6/21/2020,1
Batch35,6/22/2020,1
Batch35,6/23/2020,1
Batch35,6/24/2020,1
Batch35,6/25/2020,1
Batch35,6/26/2020,1
Batch35,6/27/2020,1
Batch35,6/28/2020,1
Batch35,6/29/2020,1
Batch35,6/30/2020,1
Batch35,7/1/2020,1
Batch35,7/2/2020,1
Batch35,7/3/2020,1
Batch35,7/4/2020,1
Batch35,7/5/2020,1
Batch35,7/6/2020,1
Batch35,7/7/2020,2
Batch35,7/8/2020,1
Batch35,7/9/2020,1
Batch35,7/10/2020,1
Batch35,7/11/2020,1
Batch35,7/12/2020,1
Batch35,7/13/2020,1
Batch35,7/14/2020,1
Batch35,7/15/2020,1
Batch35,7/16/2020,1
Batch35,7/17/2020,1
Batch35,7/18/2020,1
Batch35,7/19/2020,1
Batch35,7/20/2020,1
Batch36,6/2/2020,3
Batch36,6/3/2020,24
Batch36,6/4/2020,22
Batch36,6/5/2020,24
Batch36,6/6/2020,24
Batch36,6/7/2020,24
Batch36,6/8/2020,24
Batch36,6/9/2020,24
Batch36,6/10/2020,24
Batch36,6/11/2020,24
Batch36,6/12/2020,24
Batch36,6/13/2020,24
Batch36,6/14/2020,24
Batch36,6/15/2020,24
Batch36,6/16/2020,24
Batch36,6/17/2020,24
Batch36,6/18/2020,24
Batch36,6/19/2020,24
Batch36,6/20/2020,23
Batch36,6/21/2020,24
Batch36,6/22/2020,24
Batch36,6/23/2020,22
Batch36,6/24/2020,24
Batch36,6/25/2020,24
Batch36,6/26/2020,24
Batch36,6/27/2020,24
Batch36,6/28/2020,24
Batch36,6/29/2020,24
Batch36,6/30/2020,24
Batch36,7/1/2020,22
Batch36,7/2/2020,24
Batch36,7/3/2020,24
Batch36,7/4/2020,24
Batch36,7/5/2020,24
Batch36,7/6/2020,24
Batch36,7/7/2020,24
Batch36,7/8/2020,24
Batch36,7/9/2020,23
Batch36,7/10/2020,23
Batch36,7/11/2020,24
Batch36,7/12/2020,21
Batch36,7/13/2020,24
Batch36,7/14/2020,24
Batch36,7/15/2020,24
Batch36,7/16/2020,24
Batch36,7/17/2020,24
Batch36,7/18/2020,24
Batch36,7/19/2020,23
Batch36,7/20/2020,24
Batch36,7/21/2020,14
Batch37,5/22/2020,3
Batch37,5/23/2020,3
Batch37,5/24/2020,3
Batch37,5/25/2020,3
Batch37,5/26/2020,3
Batch37,5/27/2020,3
Batch37,5/28/2020,3
Batch37,5/29/2020,3
Batch37,5/30/2020,3
Batch37,5/31/2020,3
Batch37,6/1/2020,3
Batch37,6/2/2020,3
Batch37,6/3/2020,3
Batch37,6/4/2020,3
Batch37,6/5/2020,3
Batch37,6/6/2020,3
Batch37,6/7/2020,3
Batch37,6/8/2020,3
Batch37,6/9/2020,3
Batch37,6/10/2020,3
Batch37,6/11/2020,3
Batch37,6/12/2020,3
Batch37,6/13/2020,3
Batch37,6/14/2020,3
Batch37,6/15/2020,3
Batch37,6/16/2020,3
Batch37,6/17/2020,3
Batch37,6/18/2020,3
Batch37,6/19/2020,3
Batch37,6/20/2020,3
Batch37,6/21/2020,3
Batch37,6/22/2020,3
Batch37,6/23/2020,3
Batch37,6/24/2020,3
Batch37,6/25/2020,3
Batch37,6/26/2020,3
Batch37,6/27/2020,3
Batch37,6/28/2020,3
Batch37,6/29/2020,3
Batch37,6/30/2020,3
Batch37,7/1/2020,3
Batch37,7/2/2020,3
Batch37,7/3/2020,3
Batch37,7/4/2020,3
Batch37,7/5/2020,3
Batch37,7/6/2020,3
Batch37,7/7/2020,3
Batch37,7/8/2020,3
Batch37,7/9/2020,3
Batch37,7/10/2020,3
Batch37,7/11/2020,3
Batch37,7/12/2020,3
Batch37,7/13/2020,3
Batch37,7/14/2020,3
Batch37,7/15/2020,3
Batch37,7/16/2020,3
Batch37,7/17/2020,3
Batch37,7/18/2020,3
Batch37,7/19/2020,3
Batch37,7/20/2020,3
Batch37,7/21/2020,3
Batch38,5/22/2020,5
Batch38,5/23/2020,5
Batch38,5/24/2020,3
Batch38,5/25/2020,3
Batch38,5/26/2020,4
Batch38,5/27/2020,5
Batch38,5/28/2020,5
Batch38,5/29/2020,5
Batch38,5/30/2020,5
Batch38,5/31/2020,4
Batch38,6/1/2020,3
Batch38,6/2/2020,5
Batch38,6/3/2020,5
Batch38,6/4/2020,5
Batch38,6/5/2020,5
Batch38,6/6/2020,5
Batch38,6/7/2020,4
Batch38,6/8/2020,3
Batch38,6/9/2020,5
Batch38,6/10/2020,5
Batch38,6/11/2020,5
Batch38,6/12/2020,5
Batch38,6/13/2020,5
Batch38,6/14/2020,4
Batch38,6/15/2020,3
Batch38,6/16/2020,5
Batch38,6/17/2020,5
Batch38,6/18/2020,5
Batch38,6/19/2020,5
Batch38,6/20/2020,5
Batch38,6/21/2020,4
Batch38,6/22/2020,4
Batch38,6/23/2020,5
Batch38,6/24/2020,5
Batch38,6/25/2020,5
Batch38,6/26/2020,5
Batch38,6/27/2020,5
Batch38,6/28/2020,3
Batch38,6/29/2020,4
Batch38,6/30/2020,5
Batch38,7/1/2020,5
Batch38,7/2/2020,5
Batch38,7/3/2020,5
Batch38,7/4/2020,5
Batch38,7/5/2020,3
Batch38,7/6/2020,4
Batch38,7/7/2020,5
Batch38,7/8/2020,5
Batch38,7/9/2020,5
Batch38,7/10/2020,5
Batch38,7/11/2020,5
Batch38,7/13/2020,6
Batch38,7/14/2020,5
Batch38,7/15/2020,5
Batch38,7/16/2020,5
Batch38,7/17/2020,5
Batch38,7/18/2020,5
Batch38,7/19/2020,4
Batch38,7/20/2020,3
Batch38,7/21/2020,5
Batch39,5/22/2020,11
Batch39,5/23/2020,3
Batch39,5/24/2020,11
Batch39,5/25/2020,11
Batch39,5/26/2020,11
Batch39,5/27/2020,11
Batch39,5/28/2020,11
Batch39,5/29/2020,11
Batch39,5/30/2020,11
Batch39,5/31/2020,11
Batch39,6/1/2020,11
Batch39,6/2/2020,3
Batch39,6/3/2020,11
Batch39,6/4/2020,3
Batch39,6/5/2020,11
Batch39,6/6/2020,11
Batch39,6/7/2020,11
Batch39,6/8/2020,11
Batch39,6/9/2020,11
Batch39,6/10/2020,3
Batch39,6/11/2020,3
Batch39,6/12/2020,3
Batch39,6/13/2020,3
Batch39,6/14/2020,3
Batch39,6/15/2020,3
Batch39,6/16/2020,3
Batch39,6/17/2020,3
Batch39,6/18/2020,3
Batch39,6/19/2020,3
Batch39,6/20/2020,14
Batch39,6/21/2020,3
Batch39,6/22/2020,3
Batch39,6/23/2020,3
Batch39,6/24/2020,3
Batch39,6/25/2020,3
Batch39,6/26/2020,3
Batch39,6/27/2020,3
Batch39,6/28/2020,3
Batch39,6/29/2020,3
Batch39,6/30/2020,3
Batch39,7/1/2020,3
Batch39,7/2/2020,11
Batch39,7/3/2020,3
Batch39,7/4/2020,3
Batch39,7/5/2020,3
Batch39,7/6/2020,3
Batch39,7/7/2020,3
Batch39,7/8/2020,11
Batch39,7/9/2020,3
Batch39,7/10/2020,11
Batch39,7/11/2020,3
Batch39,7/13/2020,3
Batch39,7/14/2020,22
Batch39,7/15/2020,11
Batch39,7/16/2020,11
Batch39,7/17/2020,11
Batch39,7/18/2020,11
Batch39,7/19/2020,11
Batch39,7/20/2020,11
Batch39,7/21/2020,11
Batch40,6/1/2020,3
Batch40,6/12/2020,2
Batch40,7/1/2020,3
Batch41,5/22/2020,78
Batch41,5/23/2020,75
Batch41,5/24/2020,75
Batch41,5/25/2020,83
Batch41,5/26/2020,71
Batch41,5/27/2020,78
Batch41,5/28/2020,72
Batch41,5/29/2020,79
Batch41,5/30/2020,83
Batch41,5/31/2020,83
Batch41,6/1/2020,74
Batch41,6/2/2020,76
Batch41,6/3/2020,80
Batch41,6/4/2020,79
Batch41,6/5/2020,75
Batch41,6/6/2020,73
Batch41,6/7/2020,73
Batch41,6/8/2020,76
Batch41,6/9/2020,75
Batch41,6/10/2020,76
Batch41,6/11/2020,76
Batch41,6/12/2020,76
Batch41,6/13/2020,77
Batch41,6/14/2020,76
Batch41,6/15/2020,73
Batch41,6/16/2020,79
Batch41,6/17/2020,82
Batch41,6/18/2020,77
Batch41,6/19/2020,79
Batch41,6/20/2020,77
Batch41,6/21/2020,82
Batch41,6/22/2020,76
Batch41,6/23/2020,75
Batch41,6/24/2020,75
Batch41,6/25/2020,79
Batch41,6/26/2020,74
Batch41,6/27/2020,77
Batch41,6/28/2020,77
Batch41,6/29/2020,76
Batch41,6/30/2020,66
Batch41,7/1/2020,34
Batch41,7/2/2020,79
Batch41,7/3/2020,76
Batch41,7/4/2020,73
Batch41,7/5/2020,80
Batch41,7/6/2020,74
Batch41,7/7/2020,77
Batch41,7/8/2020,76
Batch41,7/9/2020,75
Batch41,7/10/2020,75
Batch41,7/11/2020,77
Batch41,7/13/2020,71
Batch41,7/14/2020,40
Batch41,7/15/2020,63
Batch41,7/16/2020,67
Batch41,7/17/2020,75
Batch41,7/18/2020,75
Batch41,7/19/2020,75
Batch41,7/20/2020,63
Batch41,7/21/2020,75
Batch42,5/22/2020,6
Batch42,5/23/2020,6
Batch42,5/24/2020,6
Batch42,5/25/2020,6
Batch42,5/26/2020,6
Batch42,5/27/2020,6
Batch42,5/28/2020,6
Batch42,5/29/2020,6
Batch42,5/30/2020,6
Batch42,5/31/2020,6
Batch42,6/1/2020,6
Batch42,6/2/2020,6
Batch42,6/3/2020,6
Batch42,6/4/2020,6
Batch42,6/5/2020,6
Batch42,6/6/2020,6
Batch42,6/7/2020,6
Batch42,6/8/2020,6
Batch42,6/9/2020,6
Batch42,6/10/2020,6
Batch42,6/11/2020,6
Batch42,6/12/2020,6
Batch42,6/13/2020,6
Batch42,6/14/2020,6
Batch42,6/15/2020,6
Batch42,6/16/2020,6
Batch42,6/17/2020,6
Batch42,6/18/2020,6
Batch42,6/19/2020,6
Batch42,6/20/2020,6
Batch42,6/21/2020,6
Batch42,6/22/2020,6
Batch42,6/23/2020,6
Batch42,6/24/2020,6
Batch42,6/25/2020,6
Batch42,6/26/2020,6
Batch42,6/27/2020,6
Batch42,6/28/2020,6
Batch42,6/29/2020,6
Batch42,6/30/2020,6
Batch42,7/1/2020,6
Batch42,7/2/2020,6
Batch42,7/3/2020,6
Batch42,7/4/2020,6
Batch42,7/5/2020,6
Batch42,7/6/2020,6
Batch42,7/7/2020,6
Batch42,7/8/2020,6
Batch42,7/9/2020,6
Batch42,7/10/2020,6
Batch42,7/11/2020,6
Batch42,7/12/2020,3
Batch42,7/13/2020,6
Batch42,7/14/2020,6
Batch42,7/15/2020,6
Batch42,7/16/2020,6
Batch42,7/17/2020,6
Batch42,7/18/2020,6
Batch42,7/19/2020,6
Batch42,7/20/2020,6
Batch42,7/21/2020,3
Batch43,5/22/2020,3
Batch43,5/23/2020,3
Batch43,5/24/2020,3
Batch43,5/25/2020,3
Batch43,5/26/2020,3
Batch43,5/27/2020,3
Batch43,5/28/2020,3
Batch43,5/29/2020,3
Batch43,5/30/2020,3
Batch43,5/31/2020,3
Batch43,6/1/2020,3
Batch43,6/2/2020,3
Batch43,6/3/2020,3
Batch43,6/4/2020,3
Batch43,6/5/2020,3
Batch43,6/6/2020,3
Batch43,6/7/2020,3
Batch43,6/8/2020,3
Batch43,6/9/2020,3
Batch43,6/10/2020,3
Batch43,6/11/2020,3
Batch43,6/12/2020,3
Batch43,6/13/2020,3
Batch43,6/14/2020,3
Batch43,6/15/2020,3
Batch43,6/16/2020,3
Batch43,6/17/2020,3
Batch43,6/18/2020,3
Batch43,6/19/2020,3
Batch43,6/20/2020,3
Batch43,6/21/2020,3
Batch43,6/22/2020,3
Batch43,6/23/2020,3
Batch43,6/24/2020,3
Batch43,6/25/2020,3
Batch43,6/26/2020,3
Batch43,6/27/2020,3
Batch43,6/28/2020,3
Batch43,6/29/2020,3
Batch43,6/30/2020,3
Batch43,7/1/2020,3
Batch43,7/2/2020,3
Batch43,7/3/2020,3
Batch43,7/4/2020,3
Batch43,7/5/2020,3
Batch43,7/6/2020,3
Batch43,7/7/2020,3
Batch43,7/8/2020,3
Batch43,7/9/2020,3
Batch43,7/10/2020,3
Batch43,7/11/2020,3
Batch43,7/12/2020,3
Batch43,7/13/2020,3
Batch43,7/14/2020,3
Batch43,7/15/2020,3
Batch43,7/16/2020,3
Batch43,7/17/2020,3
Batch43,7/18/2020,3
Batch43,7/19/2020,3
Batch43,7/20/2020,3
Batch43,7/21/2020,3
Batch44,5/28/2020,3
Batch44,6/4/2020,3
Batch44,6/11/2020,3
Batch44,6/18/2020,3
Batch44,6/25/2020,3
Batch44,7/2/2020,3
Batch44,7/9/2020,3
Batch44,7/16/2020,3
Batch45,6/21/2020,3
Batch45,7/21/2020,3
Batch46,7/2/2020,2
Batch47,6/11/2020,6
Batch48,5/22/2020,29
Batch48,5/23/2020,29
Batch48,5/24/2020,29
Batch48,5/25/2020,29
Batch48,5/26/2020,29
Batch48,5/27/2020,29
Batch48,5/28/2020,29
Batch48,5/29/2020,29
Batch48,5/30/2020,29
Batch48,5/31/2020,29
Batch48,6/1/2020,29
Batch48,6/2/2020,29
Batch48,6/3/2020,29
Batch48,6/4/2020,29
Batch48,6/5/2020,29
Batch48,6/6/2020,29
Batch48,6/7/2020,29
Batch48,6/8/2020,29
Batch48,6/9/2020,29
Batch48,6/10/2020,29
Batch48,6/11/2020,29
Batch48,6/12/2020,29
Batch48,6/13/2020,29
Batch48,6/14/2020,29
Batch48,6/15/2020,29
Batch48,6/16/2020,29
Batch48,6/17/2020,29
Batch48,6/18/2020,29
Batch48,6/19/2020,29
Batch48,6/20/2020,29
Batch48,6/21/2020,29
Batch48,6/22/2020,29
Batch48,6/23/2020,29
Batch48,6/24/2020,29
Batch48,6/25/2020,29
Batch48,6/26/2020,29
Batch48,6/27/2020,29
Batch48,6/28/2020,29
Batch48,6/29/2020,29
Batch48,6/30/2020,29
Batch48,7/1/2020,29
Batch48,7/2/2020,29
Batch48,7/3/2020,29
Batch48,7/4/2020,29
Batch48,7/5/2020,29
Batch48,7/6/2020,145
Batch48,7/7/2020,29
Batch48,7/8/2020,29
Batch48,7/9/2020,29
Batch48,7/10/2020,29
Batch48,7/11/2020,29
Batch48,7/12/2020,29
Batch48,7/13/2020,29
Batch48,7/14/2020,29
Batch48,7/15/2020,29
Batch48,7/16/2020,29
Batch48,7/17/2020,29
Batch48,7/18/2020,29
Batch48,7/19/2020,29
Batch48,7/20/2020,29
Batch49,5/22/2020,21
Batch49,5/23/2020,21
Batch49,5/24/2020,21
Batch49,5/25/2020,21
Batch49,5/26/2020,21
Batch49,5/27/2020,21
Batch49,5/28/2020,21
Batch49,5/29/2020,21
Batch49,5/30/2020,21
Batch49,5/31/2020,21
Batch49,6/1/2020,21
Batch49,6/2/2020,21
Batch49,6/3/2020,21
Batch49,6/4/2020,21
Batch49,6/5/2020,21
Batch49,6/6/2020,21
Batch49,6/7/2020,21
Batch49,6/8/2020,21
Batch49,6/9/2020,21
Batch49,6/10/2020,21
Batch49,6/11/2020,21
Batch49,6/12/2020,21
Batch49,6/13/2020,6
Batch49,6/14/2020,21
Batch49,6/15/2020,21
Batch49,6/16/2020,21
Batch49,6/17/2020,21
Batch49,6/18/2020,21
Batch49,6/19/2020,21
Batch49,6/20/2020,21
Batch49,6/21/2020,21
Batch49,6/22/2020,21
Batch49,6/23/2020,21
Batch49,6/24/2020,21
Batch49,6/25/2020,21
Batch49,6/26/2020,21
Batch49,6/27/2020,21
Batch49,6/28/2020,21
Batch49,6/29/2020,21
Batch49,6/30/2020,21
Batch49,7/1/2020,21
Batch49,7/2/2020,21
Batch49,7/3/2020,21
Batch49,7/4/2020,21
Batch49,7/5/2020,21
Batch49,7/6/2020,21
Batch49,7/7/2020,27
Batch49,7/8/2020,21
Batch49,7/9/2020,21
Batch49,7/10/2020,21
Batch49,7/11/2020,21
Batch49,7/13/2020,21
Batch49,7/14/2020,21
Batch49,7/15/2020,21
Batch49,7/16/2020,21
Batch49,7/17/2020,21
Batch49,7/18/2020,21
Batch49,7/19/2020,21
Batch49,7/20/2020,21
Batch49,7/21/2020,21
Batch50,5/22/2020,3
Batch50,5/23/2020,3
Batch50,5/24/2020,3
Batch50,5/25/2020,3
Batch50,5/26/2020,3
Batch50,5/27/2020,3
Batch50,5/28/2020,3
Batch50,5/29/2020,3
Batch50,5/30/2020,3
Batch50,5/31/2020,3
Batch50,6/1/2020,3
Batch50,6/2/2020,3
Batch50,6/3/2020,3
Batch50,6/4/2020,3
Batch50,6/5/2020,3
Batch50,6/6/2020,3
Batch50,6/7/2020,3
Batch50,6/8/2020,3
Batch50,6/9/2020,3
Batch50,6/10/2020,3
Batch50,6/11/2020,3
Batch50,6/12/2020,3
Batch50,6/13/2020,3
Batch50,6/14/2020,3
Batch50,6/15/2020,3
Batch50,6/16/2020,3
Batch50,6/17/2020,3
Batch50,6/18/2020,3
Batch50,6/19/2020,3
Batch50,6/20/2020,3
Batch50,6/21/2020,3
Batch50,6/22/2020,3
Batch50,6/23/2020,3
Batch50,6/24/2020,3
Batch50,6/25/2020,3
Batch50,6/26/2020,3
Batch50,6/27/2020,3
Batch50,6/28/2020,3
Batch50,6/29/2020,3
Batch50,6/30/2020,3
Batch50,7/1/2020,3
Batch50,7/2/2020,3
Batch50,7/3/2020,3
Batch50,7/4/2020,3
Batch50,7/5/2020,3
Batch50,7/6/2020,3
Batch50,7/7/2020,3
Batch50,7/8/2020,3
Batch50,7/9/2020,3
Batch50,7/10/2020,3
Batch50,7/11/2020,3
Batch50,7/13/2020,3
Batch50,7/14/2020,3
Batch50,7/15/2020,3
Batch50,7/16/2020,3
Batch50,7/17/2020,3
Batch50,7/18/2020,3
Batch50,7/19/2020,3
Batch50,7/20/2020,3
Batch50,7/21/2020,3
Batch51,5/22/2020,48
Batch51,5/23/2020,48
Batch51,5/24/2020,48
Batch51,5/25/2020,40
Batch51,5/26/2020,48
Batch51,5/27/2020,48
Batch51,5/28/2020,48
Batch51,5/29/2020,48
Batch51,5/30/2020,48
Batch51,5/31/2020,48
Batch51,6/1/2020,48
Batch51,6/2/2020,48
Batch51,6/3/2020,48
Batch51,6/4/2020,42
Batch51,6/5/2020,46
Batch51,6/6/2020,48
Batch51,6/7/2020,48
Batch51,6/8/2020,46
Batch51,6/9/2020,48
Batch51,6/10/2020,48
Batch51,6/11/2020,46
Batch51,6/12/2020,48
Batch51,6/13/2020,48
Batch51,6/14/2020,48
Batch51,6/15/2020,48
Batch51,6/16/2020,48
Batch51,6/17/2020,48
Batch51,6/18/2020,48
Batch51,6/19/2020,48
Batch51,6/20/2020,46
Batch51,6/21/2020,48
Batch51,6/22/2020,48
Batch51,6/23/2020,44
Batch51,6/24/2020,48
Batch51,6/25/2020,48
Batch51,6/26/2020,48
Batch51,6/27/2020,48
Batch51,6/28/2020,48
Batch51,6/29/2020,48
Batch51,6/30/2020,48
Batch51,7/1/2020,44
Batch51,7/2/2020,48
Batch51,7/3/2020,48
Batch51,7/4/2020,48
Batch51,7/5/2020,48
Batch51,7/6/2020,48
Batch51,7/7/2020,48
Batch51,7/8/2020,48
Batch51,7/9/2020,44
Batch51,7/10/2020,46
Batch51,7/11/2020,48
Batch51,7/12/2020,42
Batch51,7/13/2020,48
Batch51,7/14/2020,48
Batch51,7/15/2020,48
Batch51,7/16/2020,48
Batch51,7/17/2020,48
Batch51,7/18/2020,48
Batch51,7/19/2020,46
Batch51,7/20/2020,48
Batch51,7/21/2020,26
Batch52,5/22/2020,2
Batch52,5/23/2020,2
Batch52,5/24/2020,2
Batch52,5/25/2020,2
Batch52,5/26/2020,2
Batch52,5/27/2020,2
Batch52,5/28/2020,2
Batch52,5/29/2020,2
Batch52,5/30/2020,2
Batch52,5/31/2020,2
Batch52,6/1/2020,2
Batch52,6/2/2020,2
Batch52,6/3/2020,2
Batch52,6/4/2020,2
Batch52,6/5/2020,2
Batch52,6/6/2020,2
Batch52,6/7/2020,2
Batch52,6/8/2020,2
Batch52,6/9/2020,2
Batch52,6/10/2020,2
Batch52,6/11/2020,2
Batch52,6/12/2020,2
Batch52,6/13/2020,2
Batch52,6/14/2020,2
Batch52,6/15/2020,2
Batch52,6/16/2020,2
Batch52,6/17/2020,2
Batch52,6/18/2020,2
Batch52,6/19/2020,2
Batch52,6/20/2020,2
Batch52,6/21/2020,2
Batch52,6/22/2020,2
Batch52,6/23/2020,2
Batch52,6/24/2020,2
Batch52,6/25/2020,2
Batch52,6/26/2020,2
Batch52,6/27/2020,2
Batch52,6/28/2020,2
Batch52,6/29/2020,2
Batch52,6/30/2020,2
Batch52,7/1/2020,2
Batch52,7/2/2020,2
Batch52,7/3/2020,2
Batch52,7/4/2020,2
Batch52,7/5/2020,2
Batch52,7/6/2020,2
Batch52,7/7/2020,4
Batch52,7/8/2020,2
Batch52,7/9/2020,2
Batch52,7/10/2020,2
Batch52,7/11/2020,2
Batch52,7/12/2020,2
Batch52,7/13/2020,2
Batch52,7/14/2020,2
Batch52,7/15/2020,2
Batch52,7/16/2020,2
Batch52,7/17/2020,2
Batch52,7/18/2020,2
Batch52,7/19/2020,2
Batch52,7/20/2020,2
Batch52,7/21/2020,2
Batch53,5/22/2020,2
Batch53,5/23/2020,2
Batch53,5/24/2020,2
Batch53,5/25/2020,2
Batch53,5/26/2020,2
Batch53,5/27/2020,2
Batch53,5/28/2020,2
Batch53,5/29/2020,2
Batch53,5/30/2020,2
Batch53,5/31/2020,2
Batch53,6/1/2020,2
Batch53,6/2/2020,2
Batch53,6/3/2020,2
Batch53,6/4/2020,2
Batch53,6/5/2020,2
Batch53,6/6/2020,2
Batch53,6/7/2020,2
Batch53,6/9/2020,1
Batch53,6/10/2020,2
Batch53,6/11/2020,2
Batch53,6/12/2020,2
Batch53,6/13/2020,2
Batch53,6/14/2020,2
Batch53,6/15/2020,2
Batch53,6/16/2020,2
Batch53,6/17/2020,2
Batch53,6/18/2020,2
Batch53,6/19/2020,2
Batch53,6/20/2020,2
Batch53,6/21/2020,2
Batch53,6/22/2020,2
Batch53,6/23/2020,2
Batch53,6/24/2020,2
Batch53,6/25/2020,2
Batch53,6/26/2020,2
Batch53,6/27/2020,2
Batch53,6/28/2020,2
Batch53,6/29/2020,2
Batch53,6/30/2020,2
Batch53,7/2/2020,1
Batch53,7/3/2020,2
Batch53,7/4/2020,2
Batch53,7/5/2020,2
Batch53,7/6/2020,2
Batch53,7/7/2020,2
Batch53,7/8/2020,2
Batch53,7/9/2020,2
Batch53,7/10/2020,2
Batch53,7/11/2020,2
Batch53,7/13/2020,1
Batch53,7/15/2020,1
Batch53,7/16/2020,2
Batch53,7/17/2020,2
Batch53,7/18/2020,1
Batch53,7/19/2020,2
Batch53,7/20/2020,2
Batch54,5/22/2020,6
Batch54,5/23/2020,6
Batch54,5/24/2020,6
Batch54,5/25/2020,6
Batch54,5/26/2020,6
Batch54,5/27/2020,6
Batch54,5/28/2020,6
Batch54,5/29/2020,6
Batch54,5/30/2020,6
Batch54,5/31/2020,6
Batch54,6/1/2020,6
Batch54,6/2/2020,6
Batch54,6/3/2020,6
Batch54,6/4/2020,6
Batch54,6/5/2020,6
Batch54,6/6/2020,6
Batch54,6/7/2020,6
Batch54,6/8/2020,6
Batch54,6/9/2020,6
Batch54,6/10/2020,6
Batch54,6/11/2020,6
Batch54,6/12/2020,6
Batch54,6/13/2020,6
Batch54,6/14/2020,6
Batch54,6/15/2020,6
Batch54,6/16/2020,6
Batch54,6/17/2020,6
Batch54,6/18/2020,6
Batch54,6/19/2020,6
Batch54,6/20/2020,1
Batch54,6/21/2020,6
Batch54,6/22/2020,6
Batch54,6/23/2020,6
Batch54,6/24/2020,6
Batch54,6/25/2020,6
Batch54,6/26/2020,6
Batch54,6/27/2020,6
Batch54,6/28/2020,6
Batch54,6/29/2020,6
Batch54,6/30/2020,6
Batch54,7/2/2020,7
Batch54,7/3/2020,6
Batch54,7/4/2020,6
Batch54,7/5/2020,6
Batch54,7/6/2020,6
Batch54,7/7/2020,6
Batch54,7/8/2020,6
Batch54,7/9/2020,6
Batch54,7/10/2020,6
Batch54,7/11/2020,6
Batch54,7/13/2020,6
Batch54,7/14/2020,12
Batch54,7/15/2020,6
Batch54,7/16/2020,6
Batch54,7/17/2020,6
Batch54,7/18/2020,6
Batch54,7/19/2020,6
Batch54,7/20/2020,6
Batch54,7/21/2020,6
Batch55,5/22/2020,72
Batch55,5/23/2020,72
Batch55,5/24/2020,72
Batch55,5/25/2020,72
Batch55,5/26/2020,72
Batch55,5/27/2020,72
Batch55,5/28/2020,72
Batch55,5/29/2020,72
Batch55,5/30/2020,72
Batch55,5/31/2020,72
Batch55,6/1/2020,72
Batch55,6/2/2020,72
Batch55,6/3/2020,72
Batch55,6/4/2020,72
Batch55,6/5/2020,72
Batch55,6/6/2020,72
Batch55,6/7/2020,72
Batch55,6/8/2020,72
Batch55,6/9/2020,72
Batch55,6/10/2020,72
Batch55,6/11/2020,72
Batch55,6/12/2020,72
Batch55,6/13/2020,72
Batch55,6/14/2020,72
Batch55,6/15/2020,72
Batch55,6/16/2020,72
Batch55,6/17/2020,72
Batch55,6/18/2020,72
Batch55,6/19/2020,72
Batch55,6/20/2020,72
Batch55,6/21/2020,72
Batch55,6/22/2020,72
Batch55,6/23/2020,72
Batch55,6/24/2020,72
Batch55,6/25/2020,72
Batch55,6/26/2020,72
Batch55,6/27/2020,72
Batch55,6/28/2020,72
Batch55,6/29/2020,72
Batch55,6/30/2020,72
Batch55,7/1/2020,69
Batch55,7/2/2020,72
Batch55,7/3/2020,69
Batch55,7/4/2020,72
Batch55,7/5/2020,72
Batch55,7/6/2020,72
Batch55,7/7/2020,72
Batch55,7/8/2020,72
Batch55,7/9/2020,72
Batch55,7/10/2020,36
Batch56,5/22/2020,2
Batch56,5/23/2020,2
Batch56,5/24/2020,2
Batch56,5/25/2020,2
Batch56,5/26/2020,2
Batch56,5/27/2020,2
Batch56,5/28/2020,2
Batch56,5/29/2020,2
Batch56,5/30/2020,2
Batch56,5/31/2020,2
Batch56,6/1/2020,2
Batch56,6/2/2020,2
Batch56,6/3/2020,2
Batch56,6/4/2020,2
Batch56,6/5/2020,2
Batch56,6/6/2020,2
Batch56,6/7/2020,2
Batch56,6/8/2020,2
Batch56,6/9/2020,2
Batch56,6/10/2020,2
Batch56,6/11/2020,2
Batch56,6/12/2020,2
Batch56,6/13/2020,2
Batch56,6/14/2020,2
Batch56,6/15/2020,2
Batch56,6/16/2020,2
Batch56,6/17/2020,2
Batch56,6/18/2020,2
Batch56,6/19/2020,2
Batch56,6/20/2020,2
Batch56,6/21/2020,2
Batch56,6/22/2020,2
Batch56,6/23/2020,2
Batch56,6/24/2020,2
Batch56,6/25/2020,2
Batch56,6/26/2020,2
Batch56,6/27/2020,2
Batch56,6/28/2020,2
Batch56,6/29/2020,2
Batch56,6/30/2020,2
Batch56,7/1/2020,2
Batch56,7/2/2020,2
Batch56,7/3/2020,2
Batch56,7/4/2020,2
Batch56,7/5/2020,2
Batch56,7/6/2020,2
Batch56,7/7/2020,2
Batch56,7/8/2020,2
Batch56,7/9/2020,2
Batch56,7/10/2020,2
Batch56,7/11/2020,2
Batch56,7/13/2020,2
Batch56,7/14/2020,2
Batch56,7/15/2020,2
Batch56,7/16/2020,2
Batch56,7/17/2020,2
Batch56,7/18/2020,2
Batch56,7/19/2020,2
Batch56,7/20/2020,2
Batch56,7/21/2020,2
Batch57,6/15/2020,3
Batch57,7/15/2020,3
Batch58,5/22/2020,3
Batch58,5/23/2020,3
Batch58,5/24/2020,3
Batch58,5/25/2020,3
Batch58,5/26/2020,3
Batch58,5/27/2020,3
Batch58,5/28/2020,3
Batch58,5/29/2020,3
Batch58,5/30/2020,3
Batch58,5/31/2020,3
Batch58,6/1/2020,2
Batch58,6/2/2020,3
Batch58,6/3/2020,3
Batch58,6/4/2020,3
Batch58,6/5/2020,3
Batch58,6/6/2020,3
Batch58,6/7/2020,3
Batch58,6/8/2020,3
Batch58,6/9/2020,3
Batch58,6/10/2020,3
Batch58,6/11/2020,3
Batch58,6/12/2020,3
Batch58,6/13/2020,3
Batch58,6/14/2020,3
Batch58,6/15/2020,2
Batch58,6/16/2020,3
Batch58,6/17/2020,3
Batch58,6/18/2020,3
Batch58,6/19/2020,3
Batch58,6/20/2020,3
Batch58,6/21/2020,3
Batch58,6/23/2020,3
Batch58,6/24/2020,3
Batch58,6/25/2020,3
Batch58,6/26/2020,3
Batch58,6/27/2020,3
Batch58,6/28/2020,3
Batch58,6/29/2020,2
Batch58,6/30/2020,3
Batch58,7/2/2020,5
Batch58,7/3/2020,3
Batch58,7/4/2020,3
Batch58,7/5/2020,3
Batch58,7/6/2020,2
Batch58,7/7/2020,3
Batch58,7/8/2020,3
Batch58,7/9/2020,2
Batch58,7/10/2020,3
Batch58,7/11/2020,3
Batch58,7/13/2020,3
Batch58,7/14/2020,3
Batch58,7/15/2020,3
Batch58,7/16/2020,3
Batch58,7/17/2020,3
Batch58,7/18/2020,3
Batch58,7/19/2020,3
Batch58,7/20/2020,3
Batch58,7/21/2020,3
Batch59,7/7/2020,26
Batch59,7/14/2020,2
Batch60,5/25/2020,4
Batch60,6/1/2020,4
Batch60,6/8/2020,4
Batch60,6/15/2020,4
Batch60,6/22/2020,4
Batch60,6/29/2020,4
Batch60,7/6/2020,4
Batch60,7/13/2020,2
Batch60,7/20/2020,4
Batch61,5/24/2020,4
Batch61,5/31/2020,4
Batch61,6/7/2020,4
Batch61,6/14/2020,4
Batch61,6/21/2020,4
Batch61,6/28/2020,4
Batch61,7/5/2020,4
Batch61,7/12/2020,4
Batch61,7/19/2020,4
Batch62,5/22/2020,3
Batch62,5/23/2020,3
Batch62,5/24/2020,3
Batch62,5/25/2020,3
Batch62,5/26/2020,3
Batch62,5/27/2020,3
Batch62,5/28/2020,3
Batch62,5/29/2020,3
Batch62,5/30/2020,3
Batch62,5/31/2020,3
Batch62,6/1/2020,3
Batch62,6/2/2020,3
Batch62,6/3/2020,3
Batch62,6/4/2020,3
Batch62,6/5/2020,3
Batch62,6/6/2020,3
Batch62,6/7/2020,3
Batch62,6/8/2020,3
Batch62,6/9/2020,3
Batch62,6/10/2020,3
Batch62,6/11/2020,3
Batch62,6/12/2020,3
Batch62,6/13/2020,3
Batch62,6/14/2020,3
Batch62,6/15/2020,3
Batch62,6/16/2020,3
Batch62,6/17/2020,3
Batch62,6/18/2020,3
Batch62,6/19/2020,3
Batch62,6/20/2020,3
Batch62,6/21/2020,3
Batch62,6/22/2020,3
Batch62,6/23/2020,3
Batch62,6/24/2020,3
Batch62,6/25/2020,3
Batch62,6/26/2020,3
Batch62,6/27/2020,3
Batch62,6/28/2020,3
Batch62,6/29/2020,3
Batch62,6/30/2020,3
Batch62,7/1/2020,3
Batch62,7/2/2020,3
Batch62,7/3/2020,3
Batch62,7/4/2020,3
Batch62,7/5/2020,3
Batch62,7/6/2020,3
Batch62,7/7/2020,3
Batch62,7/8/2020,3
Batch62,7/9/2020,3
Batch62,7/10/2020,3
Batch62,7/11/2020,3
Batch62,7/13/2020,3
Batch62,7/14/2020,3
Batch62,7/15/2020,3
Batch62,7/16/2020,3
Batch62,7/17/2020,3
Batch62,7/18/2020,3
Batch62,7/19/2020,3
Batch62,7/20/2020,3
Batch62,7/21/2020,3
Batch63,5/22/2020,72
Batch63,5/23/2020,72
Batch63,5/24/2020,72
Batch63,5/25/2020,60
Batch63,5/26/2020,69
Batch63,5/27/2020,72
Batch63,5/28/2020,69
Batch63,5/29/2020,69
Batch63,5/30/2020,72
Batch63,5/31/2020,72
Batch63,6/1/2020,72
Batch63,6/2/2020,75
Batch63,6/3/2020,92
Batch63,6/4/2020,88
Batch63,6/5/2020,92
Batch63,6/6/2020,96
Batch63,6/7/2020,96
Batch63,6/8/2020,92
Batch63,6/9/2020,92
Batch63,6/10/2020,96
Batch63,6/11/2020,96
Batch63,6/12/2020,96
Batch63,6/13/2020,96
Batch63,6/14/2020,96
Batch63,6/15/2020,96
Batch63,6/16/2020,96
Batch63,6/17/2020,96
Batch63,6/18/2020,96
Batch63,6/19/2020,96
Batch63,6/20/2020,92
Batch63,6/21/2020,96
Batch63,6/22/2020,96
Batch63,6/23/2020,88
Batch63,6/24/2020,96
Batch63,6/25/2020,96
Batch63,6/26/2020,96
Batch63,6/27/2020,96
Batch63,6/28/2020,96
Batch63,6/29/2020,96
Batch63,6/30/2020,96
Batch63,7/1/2020,88
Batch63,7/2/2020,96
Batch63,7/3/2020,96
Batch63,7/4/2020,96
Batch63,7/5/2020,96
Batch63,7/6/2020,96
Batch63,7/7/2020,96
Batch63,7/8/2020,96
Batch63,7/9/2020,92
Batch63,7/10/2020,92
Batch63,7/11/2020,96
Batch63,7/12/2020,84
Batch63,7/13/2020,96
Batch63,7/14/2020,96
Batch63,7/15/2020,96
Batch63,7/16/2020,96
Batch63,7/17/2020,96
Batch63,7/18/2020,96
Batch63,7/19/2020,92
Batch63,7/20/2020,96
Batch63,7/21/2020,56
Batch64,5/22/2020,72
Batch64,5/23/2020,72
Batch64,5/24/2020,72
Batch64,5/25/2020,60
Batch64,5/26/2020,72
Batch64,5/27/2020,72
Batch64,5/28/2020,72
Batch64,5/29/2020,72
Batch64,5/30/2020,72
Batch64,5/31/2020,72
Batch64,6/1/2020,72
Batch64,6/2/2020,72
Batch64,6/3/2020,72
Batch64,6/4/2020,66
Batch64,6/5/2020,72
Batch64,6/6/2020,72
Batch64,6/7/2020,72
Batch64,6/8/2020,72
Batch64,6/9/2020,72
Batch64,6/10/2020,72
Batch64,6/11/2020,72
Batch64,6/12/2020,72
Batch64,6/13/2020,72
Batch64,6/14/2020,72
Batch64,6/15/2020,72
Batch64,6/16/2020,72
Batch64,6/17/2020,72
Batch64,6/18/2020,72
Batch64,6/19/2020,72
Batch64,6/20/2020,69
Batch64,6/21/2020,72
Batch64,6/22/2020,72
Batch64,6/23/2020,66
Batch64,6/24/2020,72
Batch64,6/25/2020,72
Batch64,6/26/2020,72
Batch64,6/27/2020,72
Batch64,6/28/2020,72
Batch64,6/29/2020,72
Batch64,6/30/2020,72
Batch64,7/1/2020,66
Batch64,7/2/2020,72
Batch64,7/3/2020,72
Batch64,7/4/2020,72
Batch64,7/5/2020,72
Batch64,7/6/2020,72
Batch64,7/7/2020,72
Batch64,7/8/2020,72
Batch64,7/9/2020,69
Batch64,7/10/2020,69
Batch64,7/11/2020,72
Batch64,7/12/2020,63
Batch64,7/13/2020,72
Batch64,7/14/2020,72
Batch64,7/15/2020,72
Batch64,7/16/2020,72
Batch64,7/17/2020,72
Batch64,7/18/2020,72
Batch64,7/19/2020,69
Batch64,7/20/2020,72
Batch64,7/21/2020,42
Batch65,6/4/2020,1
Batch65,6/8/2020,1
Batch65,6/11/2020,1
Batch65,7/7/2020,1
Batch65,7/9/2020,1
Batch66,6/21/2020,14
Batch66,7/21/2020,12
Batch67,6/2/2020,3
Batch67,7/2/2020,3
Batch68,5/22/2020,13
Batch68,5/23/2020,13
Batch68,5/24/2020,13
Batch68,5/25/2020,13
Batch68,5/26/2020,13
Batch68,5/27/2020,13
Batch68,5/28/2020,13
Batch68,5/29/2020,13
Batch68,5/30/2020,13
Batch68,5/31/2020,13
Batch68,6/1/2020,13
Batch68,6/2/2020,13
Batch68,6/3/2020,13
Batch68,6/4/2020,13
Batch68,6/5/2020,13
Batch68,6/6/2020,13
Batch68,6/7/2020,13
Batch68,6/8/2020,13
Batch68,6/9/2020,13
Batch68,6/10/2020,13
Batch68,6/11/2020,13
Batch68,6/12/2020,13
Batch68,6/13/2020,13
Batch68,6/14/2020,13
Batch68,6/15/2020,13
Batch68,6/16/2020,13
Batch68,6/17/2020,13
Batch68,6/18/2020,13
Batch68,6/19/2020,13
Batch68,6/20/2020,13
Batch68,6/21/2020,13
Batch68,6/22/2020,13
Batch68,6/23/2020,13
Batch68,6/24/2020,13
Batch68,6/25/2020,13
Batch68,6/26/2020,13
Batch68,6/27/2020,13
Batch68,6/28/2020,13
Batch68,6/29/2020,13
Batch68,6/30/2020,13
Batch68,7/1/2020,13
Batch68,7/2/2020,13
Batch68,7/3/2020,13
Batch68,7/4/2020,13
Batch68,7/5/2020,13
Batch68,7/6/2020,13
Batch68,7/7/2020,13
Batch68,7/8/2020,13
Batch68,7/9/2020,13
Batch68,7/10/2020,13
Batch68,7/11/2020,13
Batch68,7/12/2020,13
Batch68,7/13/2020,13
Batch68,7/14/2020,13
Batch68,7/15/2020,13
Batch68,7/16/2020,13
Batch68,7/17/2020,13
Batch68,7/18/2020,13
Batch68,7/19/2020,13
Batch68,7/20/2020,13
Batch68,7/21/2020,13
